space_id,source_cluster_id,source_cluster_basis,source_file_digests,source_cluster_size,source_cluster_weight
03dutoit/documind-ai-study-assistant,59086f5a5d87bffb5fdc58ceca5ff40abe120bf8d566227cf5d818b7fd2f24e8,exact_multifile_bundle,6,1,1.0
10805j/aitutor,ded756d15146b0118266c16edf277d57bc489567892b145cbc270e2b688e2a2f,exact_multifile_bundle,5,1,1.0
13yashjadhav11/study_assistant,851037a670a7dfd89643d2e3dc1280b64cbe3bafd40289e1890b4500ad9840b5,exact_multifile_bundle,2,1,1.0
23u2481/StudyAssistant,unique:23u2481/StudyAssistant,insufficient_files_for_clustering,1,1,1.0
24-cka-ML/quiz-generator,29a30cbfb2abda0428ea4ee944ef5167f07de155f2d0774c6ea3efe09fa55f04,exact_multifile_bundle,2,1,1.0
3atar/Study-assistant,85629011d440208123b002a2be1f2763e5406ef33a7d5d4d940f376d4aa0f19b,exact_multifile_bundle,2,1,1.0
77skaul/edu-tutor-chatbot,1811fa5cb3c79c94faca33b5717af6cf6c0055d50272c04ce23f76cc0f1ad0e5,exact_multifile_bundle,2,1,1.0
ABD20124082402/educraft-ai-smart-teaching-assistant,unique:ABD20124082402/educraft-ai-smart-teaching-assistant,insufficient_files_for_clustering,1,1,1.0
ABRB0917/StudyAssistant,f1d36668d008d9cacdf6590f8b8f8ca7e5850589940d5c0779f249d8d60b24ee,exact_multifile_bundle,2,2,0.5
ARNABMAJI1234/interactive-study-assistant-demo,624115219c0e55f95b524e6940ffa7fcf3ece02d4432e5e130f133451b1ca4cf,exact_multifile_bundle,2,1,1.0
Aailesgrises/brainfuel-ai-powered-learning-companion,388ca854ffa009f6453c06d97b8f612580e53d1670727e1224f98f5f2139dee7,exact_multifile_bundle,5,1,1.0
Aasher/Flexx_Your_Homework_Assistant,a4345e081c9d9a8d3edefe62a252ea9fc396642209696771d816a2ed6c92d0d3,exact_multifile_bundle,8,1,1.0
Abdalaziz2026/Syria-ai-tutor,unique:Abdalaziz2026/Syria-ai-tutor,insufficient_files_for_clustering,1,1,1.0
Abde1ra7man/Quiz_Generator,971a02b2f01862da1a75ad2ecbd4f82fba4bacb63511414581bf9de0421c5b1c,exact_multifile_bundle,3,1,1.0
Abdelrahman04/egyptian-educational-chatbot-demo,27dbe8f351795db5575ab5751a8dd6144314f8f6e04fe65810b5c1773eb8f8f1,exact_multifile_bundle,2,1,1.0
AbhiReddy1/AI_datascince_Tutor,b9a1d22266d1b274cb3a573f7f5fdd869fa6c832f2077c597be934566b0dde73,exact_multifile_bundle,2,1,1.0
Abhinaychatla/language_voice_tutor,35e7fd8d5067727b165a120a7ada27df39dd4d13f1ecd760c19d1e6762546e93,exact_multifile_bundle,9,1,1.0
Achyutar/Engross-Educational-AI,78f7d9624071228f2d57eb2e9c80f8fcc538d065630d82707d411117c71e7fde,exact_multifile_bundle,2,5,0.2
Aditya1546/ai-study-assistant,8f0de2615204b6506fbf24b083042d62918f11047c459bfbdea40215af950ed7,exact_multifile_bundle,4,1,1.0
AdityaKokate/StudyAssistant,4059067fd4551ebd6d231095ed1d48f836dda6eda7c16ce5f754326407fd1902,exact_multifile_bundle,2,1,1.0
Agents-MCP-Hackathon/AI-Quiz-Generator,74f57ba2d218aa8fe4468270696cf21173df762621856dbbd70e59d303867dc6,exact_multifile_bundle,2,2,0.5
Agents-MCP-Hackathon/AI-Tutor-and-Syllabus-Planner,5ba03a6f0721ed3ebf55ef18acb4b36223663b708ed32196e7f3ddf09d5de219,exact_multifile_bundle,8,1,1.0
Agents-MCP-Hackathon/AI_tutor,3b0417945dffda8fbfc077c0cffbca28ec1217b30552a0a621316a132b6deaa3,exact_multifile_bundle,9,1,1.0
Ahmed653/studykar-smart-learning-companion,51717f5d4fb8bc48125f217d6dd6e3e20705e5024427f0b063e7c90288994f11,exact_multifile_bundle,4,1,1.0
Ai-Pro/Auto-Quiz-Generator,unique:Ai-Pro/Auto-Quiz-Generator,insufficient_files_for_clustering,1,1,1.0
Akash035/my_study_assistant,bb6d1f2787344f37cbd2c3fece8eb972a267de53213550a8d37b6cf7803fb091,exact_multifile_bundle,2,1,1.0
Alan012/eduai-companion-smart-learning-buddy,2b77efdeffe0a95493f375bb271fd200a397c0f0d0ec81d50051be6e23fb9389,exact_multifile_bundle,5,1,1.0
Aleesha29/socratic_tutor,5758c55ed18b8583038cc1d9689cf26c0502d493d5bc4989c3768c2856f02071,exact_multifile_bundle,2,1,1.0
Amandeep01/Quiz_Generator,886a020956056cd0577969ac6766283800ee97dc35038ce268f0332d734136a4,exact_multifile_bundle,2,1,1.0
Anand000114/ai-virtual-teaching-assistant,e4d07dd8a23ef81c38adfcb2ae5b77f1e8e23d4b8324f11d896a2b583ffa9f33,exact_multifile_bundle,3,1,1.0
AneelaFatima/AI_Friendly_Study_Tutor,8d87bce281a2dbba5bbf2d215cfaccd123db508e147ffecdb8f8791e72928ec8,exact_multifile_bundle,2,1,1.0
Anil3920/StudyAssistant,7410808e29933447fda9ccd50e82de6c7d98ed617a7fd5a1fffea7759877909d,exact_multifile_bundle,2,1,1.0
Anilkumar12/StudyAssistant,28d7053834f73c5bd54b795af5a0397e6a491b314652c39eeac4df0e8d044bea,exact_multifile_bundle,2,1,1.0
AnishaG0201/maths_quiz_generator,d30dba9389352d5e896db02a89d3a889212dba2381403d8e1ac907aa77d2ccec,exact_multifile_bundle,3,1,1.0
Anmol2006/AI_Study_Assistant,a9f688931f4d4cc81395e59477882cc5591a0f565b73946d26070001bca7ebf5,exact_multifile_bundle,2,1,1.0
Anupam251272/Education-Chatbot-Anupam,49175e3f53df1019838a0cca30c4b156da264247ce46d00d9383797dca5e782d,exact_multifile_bundle,4,2,0.5
Aotim/brainsync-os-your-cognitive-learning-companion,unique:Aotim/brainsync-os-your-cognitive-learning-companion,insufficient_files_for_clustering,1,1,1.0
Apoorvahu/my-study-assistant,265327b798966b37ababc460928c9dfbbb549955acedba2622102ffd1a3cc94c,exact_multifile_bundle,2,4,0.25
Archimagos/ai_tutor,bd47e3ee07d108e90049af001bc1bd4a233e9af71396558125e1de5ee2bcf1a9,exact_multifile_bundle,2,1,1.0
Archimagos/ai_tutor_3.2,ba6cafbb0bba66e298095614d7ea66d1e9cf100b99aad1555569ce1774208f83,exact_multifile_bundle,2,1,1.0
Arjun021/AI_Study_Assistant,aa1fe329cc828c71e2a532552c4bdb49f0324880b372b3d73aa3e1711451d145,exact_multifile_bundle,2,7,0.14285714285714285
Arjunrathod01/StudyAssistant,unique:Arjunrathod01/StudyAssistant,insufficient_files_for_clustering,1,1,1.0
Arko3910/Study_Assistant,e2ceb836395964e1f86c809b66ae1b3767b800143d1e162f099ab3c972047959,exact_multifile_bundle,3,1,1.0
Armour-12/Quiz-Generator,10d5873b8e2ebb7dc4c853f845af3558226abcf8bfb65538e7127846a781b17a,exact_multifile_bundle,2,1,1.0
Armour-12/Quiz-generator-t5base,421573729d41333babd66cb463e3644f2f06fc4e5f7dd8dd50106d2862bed388,exact_multifile_bundle,2,1,1.0
Armour-12/Quiz_Generator,230d776a718f58c97f6e922105f9e25614240aa37087e5b24deb04ac21c6ac3e,exact_multifile_bundle,2,2,0.5
Artykun/Ai-Quiz-Generator,897404aa1c9c456a844cfca67f29f248342433d5c135cac10f0b3f48854162ce,exact_multifile_bundle,6,1,1.0
Ashwand5/AI_Educational_Assistant,f1b4505ff823ede4c3652739d561001f4e223173d21901e0935cc2b26ea15880,exact_multifile_bundle,2,1,1.0
Asif1karim/Study_Assistant,6bffbd1678f428a8436c0350d028d9784da8f46de913658ed9417f28bd16cf48,exact_multifile_bundle,5,1,1.0
Axiosingular/ai-tutor,a3a797f5bca71ec56af36d24f4a3ea6aef4283170c2372a96621e639d6a3edd8,exact_multifile_bundle,2,1,1.0
AyeshaMasood/quiz-generator,e95ccd345bf40bcf3b6e68dc311c423785bdc27238eb6d74d10effe110d45de9,exact_multifile_bundle,2,1,1.0
BRH-Burhanudin/kimia-ai-tutor,2dbde54568bfc591c85d06876410454ea98d53aa5a5837bb1d2379d81c5cc8a9,exact_multifile_bundle,6,1,1.0
BUNNY95R/AI_study_assistant,e8ed849637407060c261f7f520bd9ab77fe57c62feb1adec21d06c83ce6f8d8e,exact_multifile_bundle,2,1,1.0
BadaPoojitha/StudyAssistant,92c7e4b2351df87dfa1f06d547d5432de92c79b28559513cc09cb9201cfca92b,exact_multifile_bundle,2,1,1.0
Bahauddin01/language-tutor-ai,5a92e0550fd125d2e77feeb4e49069417ade656859a0e224b3049b7098016ac9,exact_multifile_bundle,2,1,1.0
Belliar666/english-tutor-chatbot,4ed323b1804ff4ab2ba88a42148ca272ac1741f2c937001a0401ba7c8f1bca55,exact_multifile_bundle,2,1,1.0
Betao2000/questmaster-pro-the-ultimate-quiz-generator,unique:Betao2000/questmaster-pro-the-ultimate-quiz-generator,insufficient_files_for_clustering,1,1,1.0
Bharath8940/edugenius-ai-smart-learning-companion,f8c63b821f3a55d067cf111e948749ddc8478ee85404a5575a1b71c6b4db3cbc,exact_multifile_bundle,7,1,1.0
Bhargavi-31/Ai_tutor,4baab36edf6acf853d945e7f487b93ef6d9ad0f13516b7077e6a550733bc1635,exact_multifile_bundle,2,1,1.0
Bhuvana908/StudyAssistant,ea3ed5e5cd19d9c1083b5f38ac565271876c5d8ecace64518684b09bbbfaa4f4,exact_multifile_bundle,2,1,1.0
Boyston/reachy_mini_language_tutor,fd410f9c1dc84c5a140fcf930c3150593f616194030d550011a853b072caa431,exact_multifile_bundle,8,2,0.5
Brisha124/AI_TUTOR,17073ab15f1c4c311640d794dfa2bde6ce34f372d019f59fbbd94285d03fbb5f,exact_multifile_bundle,2,1,1.0
CT-AITUTOR/AITUTOR,558e3f727654035fe8e975f207d247de6ff82bf076754c001e96a625efa5f2a5,exact_multifile_bundle,2,1,1.0
ChandiniSiri/AI_TUTOR,92df5ab5a72bd3c0c0da3f43be34bc49e951dcb6e58ccf7aa43f6fd29c8dc025,exact_multifile_bundle,2,1,1.0
Charan-27-10/AI_TUTOR,aa207bdec9413ba28a77c08430f5e530ecd55f7b6aeec3172f3911a7aca0b80b,exact_multifile_bundle,2,1,1.0
Chidvilash3/socratic-tutor,7d07113784c6ca5e0deddfaf4c9d495e445a51353180af5947678f79b387b020,exact_multifile_bundle,2,1,1.0
Clautonx/studymaster-pro-ai-learning-companion,d7950da48f4e5e78d32a9cf6ff17d4ff51deac4b7e73c1cbcad47b25dd9f6ab7,exact_multifile_bundle,4,1,1.0
CodeDiva42/study-assistant,b727325c739c592a1672968b52068e2a72a480dfc408ab43cebb0f2c393fe35a,exact_multifile_bundle,3,2,0.5
Cyfer-ap/AI-Coding-Tutor,4a2fa8a1ef5f4aa161009b6d4bee886946ad7f28d0c4d8ab7cb2fda3e9eaebb9,exact_multifile_bundle,9,1,1.0
DakshSadotra/my-study-assistant,b11211e99864baca687872eaed1bd5fceb0db8b72b6047bdb3f49e597720ac4f,exact_multifile_bundle,2,1,1.0
Danny2311/Quiz-Generator,5ecdad4de2246986813dd83c7bcee164bf6c22bba2d75708642c625eae86cc9d,exact_multifile_bundle,2,1,1.0
DataRebels/chatbot_language_tutor,9b15e024855e8a956e71299ddf2ffa6e5cd0c5725395acba9b36480ef44ff937,exact_multifile_bundle,6,1,1.0
DataWizard9742/LessonPlanGenerator,237dd56f5720728b2303d35f687499922718142c9d5fd56ac62596a940b192bf,exact_multifile_bundle,2,1,1.0
DeepLearningAI/quiz-generator-v3,3098ee4fcf0d565347f5634f58d8a93ca2fbbf7e50df677dadf44de622dea30d,exact_multifile_bundle,9,1,1.0
Dexter1928/studymate-pro-ai-learning-companion,unique:Dexter1928/studymate-pro-ai-learning-companion,insufficient_files_for_clustering,1,1,1.0
DheerajKausik/RAG_BASED_AI_TEACHING_ASSISTANT,68d035710a94844589574c7476190066cca8c32c99a605d8ffe1c82875c74173,exact_multifile_bundle,3,1,1.0
Diid12rt/AITUTOR,9997f0fafaca4b1690afe399cb90d0405f037a82540175ede052da535afb1401,exact_multifile_bundle,5,1,1.0
DipakBundheliya/flask_ai_tutor,a3d253ae49ea8f4f2b55fe75a7e0647494cab31a75cbfa2b95e8a6391865cf76,exact_multifile_bundle,3,1,1.0
DoctorHolly/BIO_Tutor_Chatbot,c603ee74539597deef644bf207306c93f1d54b51b60139700de57782cb642248,exact_multifile_bundle,3,1,1.0
DroolingPanda/teachingAssistant,4c985a931a3925dbe43a887ea59cb5a350ad5e223c8e7f044155329073d5bbde,exact_multifile_bundle,3,1,1.0
Ehtisham-84/Study-Assistant,unique:Ehtisham-84/Study-Assistant,insufficient_files_for_clustering,1,1,1.0
Esco11/lingualoom-free-voice-language-tutor,69ae8d550fbc79b33d1319314fb3c3d2baf494fb8b12f827e7876732f48b25f5,exact_multifile_bundle,6,1,1.0
Etalre/edugenius-ai-smart-learning-companion,b1612ad302a2f6196361f90bbeef2fb9a331bcfd956d7fc1cdf333065f4fb888,exact_multifile_bundle,8,1,1.0
Faiz3399/Ai-tutor-assistant,a7bc6edcebc242b3616ac8ef25eeab13f7e074c436f9d0bfd7ddaa019f8cea06,exact_multifile_bundle,3,1,1.0
Fatma033/Educational-Chatbot,4d70dfe6d12dd0bb0b80068770e12f88dd710d8365cb51dea5d6c5382d4e2c05,exact_multifile_bundle,2,1,1.0
Felrose/trisem-lesson-plan-generator,c22ea58bd0cbae9c58b509b57ef02dbc586223af7c1f40e69c8a856d0b8c61bf,exact_multifile_bundle,2,2,0.5
Felrose/trisem-lesson-plan-generator-ENGLISH-LINK2,c22ea58bd0cbae9c58b509b57ef02dbc586223af7c1f40e69c8a856d0b8c61bf,exact_multifile_bundle,2,2,0.5
Forsaken2508/studysensei-ai-powered-learning-companion,1c94e8dac4f26d477d35b09012024ab3e7e5df60502165f27182d246cd26565e,exact_multifile_bundle,2,1,1.0
Fuckyoumotherfucker/cs-ai-tutor,unique:Fuckyoumotherfucker/cs-ai-tutor,insufficient_files_for_clustering,1,1,1.0
Gimgaru/finalproject_aitutor,66e34d788cfa00a07c9be907b1881b5ac3401c90027c6acf5491f007d7b8bcbf,exact_multifile_bundle,2,1,1.0
GoIpKrIsHnA/studyAssistantAI,c0dc61fcf8aa8ffc03a1c39be249ab64bb669edce2a896daa3b90bb41eb678c6,exact_multifile_bundle,2,1,1.0
Gungz/quiz-generator-baidu-ernie,aeae0811861361dcd84bed9f53fa12223d0c90f9e2960254d4237b9a3d2a98f6,exact_multifile_bundle,2,1,1.0
Hafeezaqsa01/Quiz_generator,34fc20a029235ea4850fb67e859c8e84c1c74f29b8f4a1280596b014fc3418ab,exact_multifile_bundle,2,1,1.0
Hafsah-Fatima/Programming_Tutor_Chatbot,c6ef298c9c7ed4f92812d40f1e883feb438b68f9448d981d49e61cac9ec22e86,exact_multifile_bundle,2,1,1.0
Hafsah-Fatima/Programming_Tutor_Chatbot_0.2,39356b468164bf48e66ae442555c62dd2cf45c536ab8f214333853a3075ada3c,exact_multifile_bundle,2,1,1.0
Hamsi-1234/lesson-plan-generator,unique:Hamsi-1234/lesson-plan-generator,insufficient_files_for_clustering,1,1,1.0
Hamsini11/ai-agents-intensive-tutor,aa1fe329cc828c71e2a532552c4bdb49f0324880b372b3d73aa3e1711451d145,exact_multifile_bundle,2,7,0.14285714285714285
Hamzajutt17/AI-Study-Assistant,unique:Hamzajutt17/AI-Study-Assistant,insufficient_files_for_clustering,1,1,1.0
Hardik2704/Teaching_Assistant,62ea7864a68fddc346527cc68f2bbba913c10450e54a7cf41f7cfa0b3319223d,exact_multifile_bundle,2,1,1.0
Hareesh221/30-day-course-generator,4f805dd1f68f188f3a180f92e0572ac5aee5789240daa28a64210a121379d0f3,exact_multifile_bundle,2,1,1.0
Harika06/AI_TUTOR,c988100a011274ab9499d06c2ddfe829e0d3eb595073cf81b134d95f2b0b853c,exact_multifile_bundle,2,3,0.3333333333333333
Hariprasaadh/QuizGenerator,2b08b90bf8b8c83228368bfde63a8f57b47c10cd506af659d612e934ca56bb14,exact_multifile_bundle,2,1,1.0
HarryPotter1o1/Study_Assistant,514704851ac37f483b66b69a7b4aaa9a075ff2f734a18495efce6b078679caf2,exact_multifile_bundle,2,1,1.0
Harsha855/StudyAssistant,e59b9fd59c303d59ca0cab9249724ed3c4501df3999883df30984fbda1d935bd,exact_multifile_bundle,2,1,1.0
HemanthRaj/Socratic-AI-Tutor-Model,31391e766845077a67b474211bc36ccb9a184be05999d4a1fa2be6849ecdddd4,exact_multifile_bundle,2,1,1.0
HemanthRaj/socratic-tutor-embedder,63bfc1532f4712bb5421b12f797a0e8469191d8e9a13784915985776353dcfe9,exact_multifile_bundle,2,1,1.0
Hrishitha12/my_study_assistant,unique:Hrishitha12/my_study_assistant,insufficient_files_for_clustering,1,1,1.0
HugoMann/hdh-delfin-smart-learning-companion,unique:HugoMann/hdh-delfin-smart-learning-companion,insufficient_files_for_clustering,1,1,1.0
HumeraAI/lesson-plan-generator,208175a4f5a78cc2307aa4eb5f7a0e67cd40fa1eb263fb18c4e2364a93b03753,exact_multifile_bundle,2,2,0.5
HumeraAI/quiz-generator-from-PDF,0874d10f7b9ffbe3af5fe313246c839a97bc123b9e8e806cebd2ed175a6f80a9,exact_multifile_bundle,2,1,1.0
IgaCh/edubot-smart-learning-companions,unique:IgaCh/edubot-smart-learning-companions,insufficient_files_for_clustering,1,1,1.0
Imsachinsingh00/education_chatbot,1aa6f9321fbe2ba2bf09e4f878acf9456b3cb4b00b01f7d2352db768236afd2b,exact_multifile_bundle,2,1,1.0
JPPD/Tutor-fisica-abp-chatbot,96e2657ee3cefd0851974b001473c2e8c0f4c1f74dda2a1322347c032cfa3c39,exact_multifile_bundle,2,1,1.0
Jainish210705/Quiz_Generator,fd1ef7343af4dadc55e9ce0e03f2a90410bb2a04cf46bc37c49f1ede66685a02,exact_multifile_bundle,2,1,1.0
Jamest332/studyforza-ai-powered-study-assistant,unique:Jamest332/studyforza-ai-powered-study-assistant,insufficient_files_for_clustering,1,1,1.0
Janakimeena/RAG-Base-Educational-Chatbot,f63abbf6ea6e1f466c79fadb4274a188d9fe22e0a5105c42d53d1821dd1fb41e,exact_multifile_bundle,5,1,1.0
Jangasathwika/ai.tutor,df53efa9a5551b7263f7e60cca715a16b007bbad5f04f3c257b866b7e8024364,exact_multifile_bundle,5,2,0.5
Jangasathwika/ai_tutor,aa1fe329cc828c71e2a532552c4bdb49f0324880b372b3d73aa3e1711451d145,exact_multifile_bundle,2,7,0.14285714285714285
Jangasathwika/aitutor,bd3c395432eafe35921c75e398679d907f8cde24bf17400c2a59d7d48bb329b5,exact_multifile_bundle,5,1,1.0
Javairiabutt/quiz-generator,unique:Javairiabutt/quiz-generator,insufficient_files_for_clustering,1,1,1.0
JavidiGayathri/StudyAssistant,unique:JavidiGayathri/StudyAssistant,insufficient_files_for_clustering,1,1,1.0
Jayadityasahu/my-study-assistant,6d9583101204c100c9c7659b844ca02c771c07747d930dac05c49ab14303e572,exact_multifile_bundle,2,1,1.0
Jayanth1707/ai_study_assistant,unique:Jayanth1707/ai_study_assistant,insufficient_files_for_clustering,1,1,1.0
Jervhudson/edubuddy-ai-smart-learning-companion,edf27d9db2bbadd415c4acb7f4b35fc21e16090e3238d6f6ad723ba38385a930,exact_multifile_bundle,4,1,1.0
Josebert/JR_Quiz_Generator,unique:Josebert/JR_Quiz_Generator,insufficient_files_for_clustering,1,1,1.0
JulsdL/AI-Notebook-Tutor,41499efa80dde3d64aa858d4ff1009388bd51cbba5adf3e2b3b13aa4919a11d5,exact_multifile_bundle,9,1,1.0
Junaidblr/lesson-plan-generator,208175a4f5a78cc2307aa4eb5f7a0e67cd40fa1eb263fb18c4e2364a93b03753,exact_multifile_bundle,2,2,0.5
KSaiManikanta/Ai_Data-Science_Tutor,4a0c4c63f36d4aef43c2b541a23ba74f9144a251e0f3497132aa73c11fea24c2,exact_multifile_bundle,2,1,1.0
KaifKohari/ai-math-tutor,c38c8990f2705f943f4973b621a13e5d070ebe31102593d5c38de0dc29e1d29c,exact_multifile_bundle,2,1,1.0
Kanharamgurjar/Study_assistant_model,1c196224c1d0ed96e2144b4e9f9464cec133a1e3fd448da45bc0f22c5cab3c04,exact_multifile_bundle,3,1,1.0
Kanhasrs/edupulse-ai-smart-learning-companion,unique:Kanhasrs/edupulse-ai-smart-learning-companion,insufficient_files_for_clustering,1,1,1.0
Kanhasrs/edusync-ai-smart-learning-companion,unique:Kanhasrs/edusync-ai-smart-learning-companion,insufficient_files_for_clustering,1,1,1.0
Karishma-19/AI-Tutor,fb8a91042c27aaea7563b292f1b34dec38a0773be56fa12ca663b24d3b950c8b,exact_multifile_bundle,2,2,0.5
KashTheDev123/Accounting-Tutor-AI,unique:KashTheDev123/Accounting-Tutor-AI,insufficient_files_for_clustering,1,1,1.0
KashishM/study_assistant,9e6c0ad48eebfe8adcbc30e6f4059f5ab109c1f78c6fcd150694dc1ef6b176bc,exact_multifile_bundle,8,1,1.0
Kaveri2109/rag-teaching-assistant,6eb3c273e5ae577651d946b59e3b4e7cad9d080c8e97c36460e842417d058512,exact_multifile_bundle,2,1,1.0
Kavya-Thakar/ai-teaching-assistant-v2,5e7f910b243af4a4584894b6f91c34a0b85ca06d53d3f6ba3f613f0b0940e135,exact_multifile_bundle,2,1,1.0
Keerthana96/bridge_course_generator,f206909ebe21936500c95be51e9938f7792388b41ab5505aa514e8d483c6f220,exact_multifile_bundle,2,1,1.0
Keyzey/edulms-pro-the-smart-learning-companion,127775076333ad7a360114fca28f3d15242ed1c1c462f398c740b2a72fc7ba29,exact_multifile_bundle,9,1,1.0
KhadijaAzam/AI-Quiz-Generator,2186aec7c439226c28e8276893b6e8e2f3f82469129cb03c20ad4d51d68abc8e,exact_multifile_bundle,6,1,1.0
Khanmx99/Pak-Angels-AI-Tutor,6ce6d2c4b643575240801d229653e62e1b328ea8517cecdae0388ad1fcb79079,exact_multifile_bundle,7,1,1.0
KhansaAQureshi/AI_Tutor,36a5da6c39b3132f22e90703f6c97f187129b954023d2afb6d81089971fe8490,exact_multifile_bundle,2,1,1.0
Khd-B/Study_Assistant,efa5027a32d39467acd263622158310404c86783f425090c0b85b083308490cf,exact_multifile_bundle,2,1,1.0
Krishna-108/study-assistant,d00c176be8402dad5e02bc2e4d9f5657cd778f7a006e15bc1969c8fa3b8be450,exact_multifile_bundle,2,1,1.0
Krishnajha18/StudyAssistant,87e1250f9fdf2275bf34a9a96234452e7e4b7a9f1958d8b7eb5d579b2cea62ea,exact_multifile_bundle,3,1,1.0
KunalGupta1212/Quiz-generator,8d6c50996a3b186892111cfc797a8bfb803ecc1060bf02c0e5200fde9856f27e,exact_multifile_bundle,3,1,1.0
KusumaSathwika7/my-study-assistant,unique:KusumaSathwika7/my-study-assistant,insufficient_files_for_clustering,1,1,1.0
LOLSHUBH/dragonscholar-fiery-learning-companion,1492c9b6a2fc5f500c31b6debfb895aefa7dedcaf04b6bef9723fa7f86c64baf,exact_multifile_bundle,5,1,1.0
LSATAdaptiveTutor/chatbot_tutor,104cf8199b4c214b4b4dd85dc3700c3ec3371fb8a83b7329de63b8cc569cb3cf,exact_multifile_bundle,9,1,1.0
Lesterchia1/FPOC2_AI-Tutor_Chatbot,e95c43c096a67ba4976d0e72989dbdcf86c8bd233be041af62abf701b49f35c5,exact_multifile_bundle,7,1,1.0
Lipely/FYP-lesson-plan-generator,9de9ca149490e0d97491fb89250976359e17715ca2696105af5c6f1354b30cce,exact_multifile_bundle,3,1,1.0
LoveJesus/biblical-language-tutor-chirho,3682e607e30865af5c424e0995c7a6e2254ea9248504b9cf932ffc4986d4c494,exact_multifile_bundle,2,1,1.0
Lune4/dahiratoul-edusphere-ai-learning-companion,unique:Lune4/dahiratoul-edusphere-ai-learning-companion,insufficient_files_for_clustering,1,1,1.0
MA32s/studygenie-ai-smarter-learning-companion,unique:MA32s/studygenie-ai-smarter-learning-companion,insufficient_files_for_clustering,1,1,1.0
MMustafa313/RAG_Study_Assistant,bc8c32ff8fd9bf8b61a3d89793cece624be5f6f968cb13f7c64c14747e06ccd4,exact_multifile_bundle,2,1,1.0
MOrgan27/AI-study-assistant,unique:MOrgan27/AI-study-assistant,insufficient_files_for_clustering,1,1,1.0
Madni2025/MDCAT-AI-TUTOR,fba52118a9c85f309184c49a933941f78f968380cfc58157f61c93ab0a18f99b,exact_multifile_bundle,2,1,1.0
Madni2025/MDCAT_AI_TUTOR,9fc1f6aaffcc199a5b72b4f79deb611221aa31fb7f09c0100d278a1397b64b67,exact_multifile_bundle,2,1,1.0
Mahin2812/shikshakgpt-gujarati-learning-companion,0471ffe4a2456ae8206d3a7ed7e6f4487dc7a99ce0e72c9590ce1face9d7892d,exact_multifile_bundle,4,1,1.0
ManarMagdy6/Professional-Quiz-Generator,7f59356cd34cab8f5c12e2723f2b461bf329b2cd025c27e0962ae5bd211bfae2,exact_multifile_bundle,2,1,1.0
Mani-krishna/StudyAssistant,44d2cdba3495eb1a0d399cac7bc26a3e5f4e10ab32b286bf24bf53a7266f60f4,exact_multifile_bundle,3,1,1.0
Manikanta2793/my-study-assistant,2e41f4d32571b7199212585ea283c1365727f8b57544d0d535bd4e50de462466,exact_multifile_bundle,2,1,1.0
Maram-almasary/AI_Study_Assistant,ee41cfc032f49e6abca86114073e0ed75e1e9f825cf697265da6e18dc7db9d2c,exact_multifile_bundle,2,1,1.0
Maric28561/hellocode-mobile-app-the-learning-companion,unique:Maric28561/hellocode-mobile-app-the-learning-companion,insufficient_files_for_clustering,1,1,1.0
Masterlew/math-tutor-chatbot,ec68570afc93f0ec2e1fcb8354e63939d05d81063445b973efbab97eb85b97e2,exact_multifile_bundle,4,1,1.0
MeetThakkar/quiz-generator,84d7ac84b2df9e4a4387db599581456c8ba272a8aaf95ba6b01995199e7eb5dc,exact_multifile_bundle,2,1,1.0
Megana10/ai_study_assistant,f20f9d15b918736605594945c9e880c413ba19a0bd2837ec57e702bded100718,exact_multifile_bundle,2,1,1.0
Mehak0711/AI_TUTOR,730d972459208ea6122d7e8da5bb38427a685f4bd0437fd3738c161bd9b8def0,exact_multifile_bundle,2,1,1.0
Mehrann123/AI-tutor,10650c4c9ea00da13bf99cf3524e5d716560ed51e8e1de7b250df8a45f2a2417,exact_multifile_bundle,2,1,1.0
Mehrann123/MMB-Quiz-Generator,7278db24a3a166bcaafa74c6c7ea81b118657da8337d7a9ec5d0040de1b0a654,exact_multifile_bundle,2,1,1.0
MiltonTech1245/math-ai-tutor,unique:MiltonTech1245/math-ai-tutor,insufficient_files_for_clustering,1,1,1.0
MoCode/basset-english-learning-companion,67c1a959d4258aa431ef25ff41415f70a335f4a2a1e129b032c92117ad81432c,exact_multifile_bundle,6,1,1.0
Mohamed25412/eduspark-ai-smart-learning-companion,a971c7dcd71643f7e95e51215b491ba6aa88159ece0fbbc4188de3d8c683a45f,exact_multifile_bundle,4,1,1.0
MohammadYaseen/personalized-study-assistant-chatbot,9f05361cdc0bd826cebc7ac92161c3966fa2816ae478233bf56ae4062b130fff,exact_multifile_bundle,2,1,1.0
Mohd-Dilshan/ai-quiz-generator,06380a82f8992049d10dbe035a9c08bdcaa254159cdd6edca3b8b65d17fb145c,exact_multifile_bundle,4,1,1.0
Mohit99Chand/EducationalAIChatbot,e91cd8878b92b4a3a258063d2f0d0c79592328002a53ef46a8886a51ea9224b9,exact_multifile_bundle,2,1,1.0
Mohitha/Conversational_AI_Data_Science_Tutor,a7a4fbab88e530a950e1d3e8d486002e6b1f43bb114a228a0302de75799102a1,exact_multifile_bundle,2,1,1.0
Moon33/linda-quiz-generator,4342d5fdb9e6a672fa495f2589cca9a4cf493730a4a80f3545871a70357904aa,exact_multifile_bundle,2,1,1.0
Mpavan45/Ai_Data-Science_Tutor,69258e6c8a5d2eca4c30e64a4d045aa7e72513db5077d2c567b8e40a35e20fc7,exact_multifile_bundle,2,1,1.0
MrNittu/ai-gym-tutor,567179d0e54caf1a0d9fa995ef634146d0ede760167900aab5134235eed97bee,exact_multifile_bundle,7,1,1.0
MrSimple01/QuizGenerator,d05b7c1926700b73578c0a92d037130a4a12f42733b7fb67cd3a98a46d3f638e,exact_multifile_bundle,3,1,1.0
Muhamm2026/QuizGenerator,aa1fe329cc828c71e2a532552c4bdb49f0324880b372b3d73aa3e1711451d145,exact_multifile_bundle,2,7,0.14285714285714285
Mujahid1122/AI-Based-Quiz-Generator,1a69894873598cb12fdf8791d917c331ce5be0e06580226c0b91c4f7130ccf47,exact_multifile_bundle,2,1,1.0
Murtaza249/Text_to_Quiz_Generator,c2ff4c1729aac259f75f419bd15d132f7b313576bbd4dd3cfdbefd1fd7b8b0fa,exact_multifile_bundle,2,1,1.0
N-Mothish/personalized-study-assistant,d91d1ac99f015312e681b608a5561a722957a2a43d473c0aaca90aef0d92aa22,exact_multifile_bundle,2,1,1.0
NEOXXCODER/edutailor-smart-learning-companion,unique:NEOXXCODER/edutailor-smart-learning-companion,insufficient_files_for_clustering,1,1,1.0
NIKHITHA913/aitutor,3c4997fb8bacff0f2ec53b83969113ea70dcb8ef8b806db5ff8896406fbd1011,exact_multifile_bundle,2,1,1.0
NamrataRUBY/study_assistant,unique:NamrataRUBY/study_assistant,insufficient_files_for_clustering,1,1,1.0
NavenTheRaven/Quiz_Generator,b5fa7364d7d632d469d34b922d8a748db0c719604a3d70546e3c4c3f1224e64d,exact_multifile_bundle,2,1,1.0
Nijanth/teaching-assistant-backend,6d30b4e9b6040be3522b0353f9a34e65a5d4038c9ee2a9c57c843095130f38da,exact_multifile_bundle,9,1,1.0
Nishanthan02/quiz-generator,08ccb594dbde91834e3381b3e62e5fab5989228ad9cb2598bc0d5784c075718d,exact_multifile_bundle,9,1,1.0
Nitinane/StudyAssistant,d77d9323623d1d83ce97d0bd0de2fee3261ccf98404ae692983af333d92a1103,exact_multifile_bundle,2,1,1.0
NullCODER03/socratic-tutor-trackio,4f631ccdf7791862e87c9f78b97bb5616760991c53f6bb3a177ee21a849a05d8,exact_multifile_bundle,2,1,1.0
Nullpointer-KK/ai-tutor-chatbot_KK,673c0e9c57fdbc3bec64dab033af8949b71f5afa150ab30949ef41f6b2171f61,exact_multifile_bundle,7,1,1.0
One2SkipAfew/tutormina-ai,9f318ebdef5c55e5af90d29861dd6bfaa0285be14da30ea6e64b243a4ffeb42d,exact_multifile_bundle,3,1,1.0
ParulPandey/Colab_quiz_generator,2f58e4ca4b4458d78f4b31b3589b6fa748d2c16ad2ea6933bc2c678f6089553d,exact_multifile_bundle,2,1,1.0
Pavan-Kumar23/quiz-generator,552bcc154821d10848a99a05fc5fda55111fd78c096570b2b90d49db627eee56,exact_multifile_bundle,8,1,1.0
Phoenix3274/AI-Quiz-Generator,76777eb3a5d4ea55f2d70463ee9b2880a2f1821a1f474e32f52b6b6b2b79170f,exact_multifile_bundle,2,1,1.0
Pooja1218/ai-quiz-generator,dc6801b15f41907df3985f1fd03b797d72e92e539ac955af22e2091843afc383,exact_multifile_bundle,3,1,1.0
PorbAshish19/AI_Powered_Educational_Content_And_Assessment_Pipeline,3ce76d88186a7adf531607a99bc529a1d4a5e0da5e9a69be4af4dbe7e5fb6559,exact_multifile_bundle,2,1,1.0
Prak2005/AI-Powered-Personal-Study-Assistant,30433ed7463013373bfb7a8a53708fc42a0f7784559b134dfd5ff785cf3a93b8,exact_multifile_bundle,2,1,1.0
Pranshuu/educational-chatbot,9268d08405c51411f595b4571eb1b8fffbe630a93b6f2dca8f998964054f3dad,exact_multifile_bundle,2,1,1.0
Pratap1928/AI_Teaching_Assistant,e8f3debed3667cb2040b9e6459dfac8571fa1cb934ebea6df1d9495854cd16f8,exact_multifile_bundle,2,1,1.0
Premsp2005/StudyAssistant,unique:Premsp2005/StudyAssistant,insufficient_files_for_clustering,1,1,1.0
RAHYDV/teaching-assistant,62e0267f493509c488d34b7955500fb441967c592f629322d0c4cbf18ad081e8,exact_multifile_bundle,2,1,1.0
RAJKUMAR2504/AI-Study-Assistant,2e2177e58d174ba85f6a510c38e7da410cb0e4f7c21ee23f9215795ed79bedf1,exact_multifile_bundle,2,1,1.0
RabiaAbsar/genai-tutor-chatbot,7ae6561b62a6c536d8691448e52b1d6086c78ddb0fc602917b49b81d67054535,exact_multifile_bundle,2,1,1.0
Rahul2298/QuizGenerator,738e9414768c11be09fb9fc714eb423b312431311e6ab06ea25a0f9a1ea1343d,exact_multifile_bundle,2,1,1.0
Raja02424/education-chatbot,280d59d5f33bb04e478d761666273b49199470b1224932de55eade167ec31fd3,exact_multifile_bundle,2,1,1.0
Rajeev0102/StudyAssistant,94eec69e846150fc405c7f96aec61d4382773591f887987ddb87807b1376bf7e,exact_multifile_bundle,2,1,1.0
Rajesh20/AI_Tutor,044302482ef96f2639f493ba54dad6fd159b481ea83b867dee3b031b485e5117,exact_multifile_bundle,2,1,1.0
Ram05saran/ai-language-tutor,8d4d7999149508401d6191ee065b27f87df97f79dd3d75d61978ef1ebbcd5299,exact_multifile_bundle,2,1,1.0
Ramya8637/quiz-generator,b84290c7630b81c0c071d7842f22ce1d9ba62ed700ed68ac24869039a996d78f,exact_multifile_bundle,2,1,1.0
RamyaKammari/jee_ai_tutor,d9f56d5b318f2c128fc282aa5d41ef278dc5d66274cdace37f9720be1c65522e,exact_multifile_bundle,6,1,1.0
Rashpinder/RAG-based-Agentic-AI-tutor,bf9e0eeb4d9b6b0148a0f55c4068791118c6fa6dbdda57144eea4da3c10c2d90,exact_multifile_bundle,7,1,1.0
RayaRam11/Study-assistant,b727325c739c592a1672968b52068e2a72a480dfc408ab43cebb0f2c393fe35a,exact_multifile_bundle,3,2,0.5
Rayi-ss/AI-Powered-Study-Assistant,a9527c9b151bb1753707967d25e42cb2dc15ae2cba9fc04a298a7c473c6280eb,exact_multifile_bundle,2,1,1.0
Razzaqi3143/Engineering_Quiz_Generator,c5e7c0d2d1cffda0ceb609f14a356687a971905d87b787a36a0ea005104af4b9,exact_multifile_bundle,2,1,1.0
Renancaizen/quizcraft-factory-bulk-quiz-video-generator,c4325a1bc56dcc99124f1bcd2145d59d5f273ae66ff8e7a327102c3671d58e93,exact_multifile_bundle,5,1,1.0
Rishabh12j/AI_Powered_Teaching_Assistant,96352606117e00d917f399d001d7f9bb07151ee2ef4af74fe614f794daa29f70,exact_multifile_bundle,2,1,1.0
Rishabh12j/Teaching_Assistant_AI,fd0d1b1f75dfb9562c3aece1c124ec9c906ced785f9066a9fc4fad87bbc9a2d0,exact_multifile_bundle,6,1,1.0
Riya00/quiz_generator,83e53e22dac8325bfe5fd3cd473fa057fcc5b5ed2b7dda2d37e80bfd8b9e4e8d,exact_multifile_bundle,2,1,1.0
Rohit8827/StudyAssistant,dd5a4e1c41a931465d78a065acdd6fbb7be7886f6846391acd34accb5c3d9dfe,exact_multifile_bundle,2,1,1.0
Rosh-2/physics_tutor_chatbot,aa9ccc82e04e4eb2abb4b32b3cc70beb76458a117154446b159184d4f1290509,exact_multifile_bundle,2,1,1.0
Rupesx007/quiz_generator,a0554cd4a1f1b2533a24339f2814948baa9f1443614f9739d45ec60b7504e754,exact_multifile_bundle,2,1,1.0
Rushi420/StudyAssistant,14a96955246a41daf9ad3b4a2d81317920914062f4ba9b8ae7cc0b9a0b5411eb,exact_multifile_bundle,2,1,1.0
Rushikesh1137/my-study-assistant,unique:Rushikesh1137/my-study-assistant,insufficient_files_for_clustering,1,1,1.0
Rushikesh1137/studyAssistant,unique:Rushikesh1137/studyAssistant,insufficient_files_for_clustering,1,1,1.0
SBDeploy/Study_Assistant,02adadb918da4f918573370c5abcc8a7addb5923cc0db36394b39a5fcc0861a0,exact_multifile_bundle,2,1,1.0
SH1VAM-2027/studyAssistant,544be3296e26b14ebc65d27a49c75b9b2fbe092f5dd266528a6593fc19be758e,exact_multifile_bundle,2,1,1.0
STUDY-WITH-S-K/k-study-assistant,unique:STUDY-WITH-S-K/k-study-assistant,insufficient_files_for_clustering,1,1,1.0
SaanviWatrana/saanvi-ai-study-tutor,5e3cc0045c4d2e94490370bb420e53e67b02d0d4cd939f7d7f120b844b700482,exact_multifile_bundle,2,1,1.0
Sadem-12/AI_Study_Assistant,0686c6b8b7bc2b04ab25cd6b134237b5341ce9b9e452893ca1a34a9dadf01378,exact_multifile_bundle,6,1,1.0
SahilGupta4/Study_Assistant,f0fae8e9f86c1888f0e86041e009b320eef399f88420ef10ac8d175dc0642c82,exact_multifile_bundle,2,1,1.0
SaiAbhiYaswanth/study_assistant,c391fbb17741564381cd07b63edde9c7a88ec149461d901d9ddf40a67c6af674,exact_multifile_bundle,3,2,0.5
SaiRithwik2004/StudyAssistant,35d2a13aac80fc9feecbc9e93052e6548bb70f8b658a7b12f87d4add5dacf2e3,exact_multifile_bundle,2,1,1.0
Sajid1974/Socratic_QA_GenAI_Tutor,163ed0f670032c92a1d367d220824a9d509cdd21fe1cbc3bd04336b350dea6e1,exact_multifile_bundle,9,1,1.0
Samanfatima563474/tutor-ai,ccd7d367e7c4d998826e2482128aa771803e9fc0e5225bb2b09c9a530124b53a,exact_multifile_bundle,4,1,1.0
SambaReshma/AI_TUTOR,c988100a011274ab9499d06c2ddfe829e0d3eb595073cf81b134d95f2b0b853c,exact_multifile_bundle,2,3,0.3333333333333333
Samyakj69/Study_Assistant,35ead178104937448f1a490e043147793dbd5c407a042a520a937400264926a4,exact_multifile_bundle,2,1,1.0
SanaBegum23/AI_tutor,8a5f0dd3e6c99a317fbe289cf08cff22db7b49772a8c6e2661878d39aeb6cd7b,exact_multifile_bundle,2,1,1.0
Sanjay-Ai/AI-Powered-Socratic-Teaching-Assistant,bc9d37f95f35c44046f652cd421c9869ccd683ec274191f2c1f482327423d2ca,exact_multifile_bundle,2,1,1.0
Sanjay0102/StudyAssistant,28720aa836422f256d1a034181914cf84fa69a2519213fc8ebf86af96c8a040b,exact_multifile_bundle,2,1,1.0
Santoshtambe/ai-study-assistant,f7275bce02c9e5e3922c97d05302638ca76f8229e342ece9fb757f9c5ac47ce3,exact_multifile_bundle,2,1,1.0
Santoshtambe/study_Assistant,9c76d1d5092533c8c85e6973a09d54269845a3f8244ac484eba1d01a7a68cf55,exact_multifile_bundle,2,1,1.0
Saravana-Saro14/Educational-chatbot,unique:Saravana-Saro14/Educational-chatbot,insufficient_files_for_clustering,1,1,1.0
Sayan21/Video-Tutor-AI,4a0fbd69274cb677b60f63bfe188301939e179968261e3f059262dcd2c7a4547,exact_multifile_bundle,9,1,1.0
Sayu28/Education-Chatbot1,unique:Sayu28/Education-Chatbot1,insufficient_files_for_clustering,1,1,1.0
Sd2468/assamese-gyanguru-class-10-learning-companion,245dfb57774d6d7bf2f950bedbe42ee3f5ba0864a50b22ae264df709b6dab339,exact_multifile_bundle,4,1,1.0
Selenophile786/physics-ai-tutor,ffb29fff5cd9a02b030c001bd1fe3dd4db22deb55a797d916c08576ec8b7f147,exact_multifile_bundle,4,1,1.0
SenHoa/edupulse-smart-learning-companion,48a344cfdb8e9adc813290830fed3f0a09b82d991b34c6255d43924b0b0cdc39,exact_multifile_bundle,6,1,1.0
SerotoninRonin/Quiz-Generator,8412b8f9299722939e841fae0261f507a6626a02b24a4e7ac8da5f661e60b67e,exact_multifile_bundle,2,1,1.0
Shahbazakbar/AI-Tutor,a5f5694c3ef3b9c3da85f505dd3bb261330e1b855e46a03887addf13137d9637,exact_multifile_bundle,2,1,1.0
Shahbazakbar/RAG-AI-Tutor,bae103ad560685e39d0500676d13fbf5a8c25caa5faf4d9b362589adbdf9e20c,exact_multifile_bundle,2,1,1.0
Shiivamm/Rag_based_ai_teaching_assistant,909890c7b59ce52af0be1fc641958c8279d1ef3ae6f98b9829c19848ae79441a,exact_multifile_bundle,2,1,1.0
Shintu/techtutor-digital-learning-companion,unique:Shintu/techtutor-digital-learning-companion,insufficient_files_for_clustering,1,1,1.0
Shivam10lm/ai-teaching-assistant,c0926b1f803da6399eda9e375822ca816facef59194b1e211b31d69ea85d63d8,exact_multifile_bundle,3,1,1.0
Shivateja23/DS_AI_TUTOR,ee21355800465db68b5899020ff0cd2ebac4f1bfbcc8d33500eff14be97a74d4,exact_multifile_bundle,2,1,1.0
Shlok1005/Voice_chatbot_tutor,35f965f5b603753f5ecba2878d117ceaaeee6cb12e52ae7b4ad316fdccf3f7a5,exact_multifile_bundle,3,1,1.0
Shourya1708/my-study-assistant,unique:Shourya1708/my-study-assistant,insufficient_files_for_clustering,1,1,1.0
Shubham-8441/My-study-assistant,unique:Shubham-8441/My-study-assistant,insufficient_files_for_clustering,1,1,1.0
Siddhisapkal/AI_Tutor,09b2d4119b174aa282343e4eeb0eb548f866fec038f67292793a319d8c0a2921,exact_multifile_bundle,2,1,1.0
Sindu31/IntelliGent-AI-Tutor-System,da1f617320bb1e338e52313203d584c7d1099698d389e7fe6fbf68cdfddb7a91,exact_multifile_bundle,3,1,1.0
Sirichandanasamala/AI_TUTOR,19d5ec0595fdd4997cf2747896ecf2aa0b93914533ff5944e6f6ff9dfbc59eba,exact_multifile_bundle,2,1,1.0
SirigajjeDurga/AI-Personal-Tutor,6f932376ea5747f8766d970fd24c0e187841bcb02c3c29ea0c4db065facbecba,exact_multifile_bundle,7,1,1.0
Solkyash/Ai-study-assistant,unique:Solkyash/Ai-study-assistant,insufficient_files_for_clustering,1,1,1.0
SonuKumarML/StudyAssistant,unique:SonuKumarML/StudyAssistant,insufficient_files_for_clustering,1,1,1.0
Sonusawant06/brainybytes-ai-smart-learning-companion,unique:Sonusawant06/brainybytes-ai-smart-learning-companion,insufficient_files_for_clustering,1,1,1.0
Sree1216/AI_tutor,unique:Sree1216/AI_tutor,insufficient_files_for_clustering,1,1,1.0
Sreehan1223/socratic-scholar-ai-tutor,cf9e49345c39748421b96a82bea5dc8ca7a93d3da5ae3b908a525ad7e1ca86b1,exact_multifile_bundle,4,1,1.0
Sri921980/Ai_Tutor,f1f8ed2abd31f9ef64f638c2e5f3556562c9dd6f373633c504702a60f59e430b,exact_multifile_bundle,2,1,1.0
SrihithaReddy123/AI_TUTOR,8440081c8d48abc4045f9aece34bb3b8f82335d6a22aa39156c3b69165e2589c,exact_multifile_bundle,2,3,0.3333333333333333
Srushtii-13/Study_Assistant,c8798b2068d6e43a7b707e8d2bacbc80de9509e4ab990886a9c8f786c02f0337,exact_multifile_bundle,2,1,1.0
Suharika25/AI_TUTOR_GEMINI,aa1fe329cc828c71e2a532552c4bdb49f0324880b372b3d73aa3e1711451d145,exact_multifile_bundle,2,7,0.14285714285714285
SujithRaam07/StudyAssistant,e73c0c59a872e3be894827bc8a20fd091348b55df87794d1f9ec2a5d55bde4e4,exact_multifile_bundle,3,1,1.0
Sujithraam/StudyAssistant,85df7b822ee1e37304f7a92dbf2aa4c72284a0a0228b82c91c23cc9f8ea4ce3a,exact_multifile_bundle,3,1,1.0
TANVEERMAKHDOOM/Ai-quiz-generator,3d2b36ed8681c6a6ec6f14f00ab00e5e8e45fb28f8f89407eb7195b5d581d782,exact_multifile_bundle,2,1,1.0
Tas01/ABA-AI-Tutor,f202411b091dc7b3f951308fbc04a4f6bdce60752122a378287ac8fcb4a8cc10,exact_multifile_bundle,2,1,1.0
Techplayer/brainscribe-local-learning-companion,c7459ad14181ce72c440d0bd04ee1d1e890a2954fde8141272d7adaf6ef071fe,exact_multifile_bundle,6,1,1.0
TeerthPurohit/RAG-TradingWithML-Teaching-Assistant,0984532fe05d93d1eede4d571b4c7e21baa4a3e667ffefbadd6a2cad61e1ca66,exact_multifile_bundle,4,1,1.0
Tejas088/edugenius-ai-smart-learning-companion,1ef633da206b7bdeaf075ffbfa0a75b958af2585c1f516d07bad4cf29ba35c0a,exact_multifile_bundle,4,1,1.0
TheBeast017/eduweave-ai-learning-companion,unique:TheBeast017/eduweave-ai-learning-companion,insufficient_files_for_clustering,1,1,1.0
TheMEGALODON55681/brainybyte-ai-learning-companion,unique:TheMEGALODON55681/brainybyte-ai-learning-companion,insufficient_files_for_clustering,1,1,1.0
Thepatelsuraj12/Rag-based-AI-Teaching-Assistant,4f046a5644a878cdf888ae9b2d74a6b39bfcba354039c117f69d30dc9baa8249,exact_multifile_bundle,2,1,1.0
Tomjedo/Education_Chatbot,1f9b6e787c2647ad7ddefae5e72f0b5c977e3bd4415896ed00a92a047d402f24,exact_multifile_bundle,2,1,1.0
Tonic/open-gpt-Lesson-Plan-Generator,unique:Tonic/open-gpt-Lesson-Plan-Generator,insufficient_files_for_clustering,1,1,1.0
Trinesh16/StudyAssistant,35190972623d5926bde25f32f89521ecdbfe12b1cb6c64add83dec398eafd643,exact_multifile_bundle,2,1,1.0
Trivikrama/Physics_Lesson_Plan_Generator,04f61257a39b10f03d348ce53a9a908cfa4fe415ec85a4cd1a12627e9e591fbe,exact_multifile_bundle,2,1,1.0
Troy88/Quiz-Generator,537cb658540356b42c75ebb6458c07b5b1603b5b03c97dadea49d26fb4efff17,exact_multifile_bundle,2,1,1.0
Turbiling/Backward-Design-Lesson-Plan-Generator,48e7753beb53b8a284060d2595cae4f74823a7fe60519aa05fae897a6d1a6cd6,exact_multifile_bundle,2,1,1.0
Turbiling/GB_Education_Chatbot,bd7424d7eb2c6799eca45f1df51f2787f03f71596aaecb6bbf1110ee64368385,exact_multifile_bundle,2,1,1.0
Turbiling/Lesson_Plan_Generator,1011a7d17aa98fa842e72da04147f2dd9b383e6a9e8c0719822ff3b39bb2074d,exact_multifile_bundle,2,1,1.0
Turbiling/Sharqi_Education_Chatbot,07aa9e02a2d3cf3ad71a3770d0cb87812bbfbdd54a836fc6d4be43e79c64dbe0,exact_multifile_bundle,4,1,1.0
Tutor-Ai-100/AI_Tutor_Chatbot,2260ed0a9bb371b11b87c33d34465925dd5f973d099c33321a39ae1f76e9e657,exact_multifile_bundle,2,1,1.0
Ty890/merlin-ai-is-an-advanced-educational-pla,c647279f1d1f303923136de21ea241918dc5557df1b613c816768e17d9008529,exact_multifile_bundle,4,1,1.0
Udayveer1990/Language_tutor,74c5e8b0518943921f0f010e446788edbbbdd58b6eacde14a04c16b609b8feab,exact_multifile_bundle,2,1,1.0
Ukhanyo/quiz-generator-ai,unique:Ukhanyo/quiz-generator-ai,insufficient_files_for_clustering,1,1,1.0
Ukiji/darsiyar-the-smart-learning-companion,1f1800dbc39deb0f8761e9759b76be5fe9aa976ebe57d131a00b9b85aa57da9b,exact_multifile_bundle,4,1,1.0
UlliInduSree/AI_Tutor_Chatbot,50cf63802d172890d3b706f149de716f3529e24b4cada39cab6c556d96ebcbab,exact_multifile_bundle,2,1,1.0
UmarIqbal000/quiz-generator-ai,3f6fd9a8de2f2d7d730e6e34e3e98f214277230366551278fb0f259070cb7fe1,exact_multifile_bundle,2,1,1.0
Us-er-na-me/QuizGenerator,7abf0dc40c7ae32078f92e086e539678aaa1e28539b70077f8cb6ebadc6d048d,exact_multifile_bundle,2,1,1.0
VENDORXX/studyfetch-ai-learning-companion,unique:VENDORXX/studyfetch-ai-learning-companion,insufficient_files_for_clustering,1,1,1.0
VSrilekha/AI-Tutor,929c51ca8107566e01f708c0cda6eded60389eea0debf29bae402e39477c63e2,exact_multifile_bundle,2,1,1.0
Vaibhava24/my-study-assistant,2e357c61ef3741d187f8615d4d3a1feedd3865e8beb238af498215cc7166c18c,exact_multifile_bundle,2,1,1.0
Vaishnav-00299/my-study-assistant,54ada45b78b66a01b0aad5cdd6666fc7232f2a11773975214052c3e34dddb190,exact_multifile_bundle,2,1,1.0
Varshareddy1106/AI_TUTOR,8440081c8d48abc4045f9aece34bb3b8f82335d6a22aa39156c3b69165e2589c,exact_multifile_bundle,2,3,0.3333333333333333
VarunGoud314/Study_assistant,5b08144521c5eb0ebfeb77ebd85d6140460743d34aabf498b84fecbd90826a00,exact_multifile_bundle,2,1,1.0
Vijayendra3233/my-study-assistant,unique:Vijayendra3233/my-study-assistant,insufficient_files_for_clustering,1,1,1.0
VinayKarthik800/ai-tutor,unique:VinayKarthik800/ai-tutor,insufficient_files_for_clustering,1,1,1.0
VishnuSai05/Study_Assistant,1a64c5a2ddc990299631b00e15ba2286d16879abaa7f9beb568ef1a5ef6d6959,exact_multifile_bundle,2,1,1.0
Xzylie/studysync-your-smarter-learning-companion,unique:Xzylie/studysync-your-smarter-learning-companion,insufficient_files_for_clustering,1,1,1.0
YKDep/StudyAssistant,2d227688bda816a695fee8c4342791eb9bdf31a5cba2e35c2ae1107d772f25a3,exact_multifile_bundle,2,1,1.0
Yasir-Bhatti/Education_tutor_chatbot,6256a7c1b68ba2946e46d5a1f81c596209ce6b13b34103a9308f0e19383221c6,exact_multifile_bundle,2,1,1.0
YasirAnsari/AI_tutor,5b676ff123db87a3300e1d9080c68bc9abe4380f85d00eb8c6fa3025f4d1e70b,exact_multifile_bundle,2,1,1.0
Yasirkhalil12/ai-quiz-generator,dc3d9bf7100cadd1f02cae4345549234a0d7fd9804e10ffbdb3724f6f2184496,exact_multifile_bundle,2,1,1.0
Yenuli-Bimanya-404/ai-study-assistant-multilang,1b651eb5fe0639ab14bff6c7b54d191bcd72037c6027d9178533b6dafb4e8e8b,exact_multifile_bundle,2,1,1.0
Younis123/Education_Assistant_chatbot,72ff77a504ea2013ba5d3744e1d20c091692c3a21dbd47119af51183745e5718,exact_multifile_bundle,2,1,1.0
Yuvasriiii/personalized_study_assistant,3bbb422fa66c6ad9ac745ca394c2d13a3f223727e1e8a9cd7d4a8a4f080373f0,exact_multifile_bundle,2,1,1.0
Zukhanyezux/hr-mentor-bot-pro-your-ai-learning-companion,a399649cc4b9c8acda516359fcc818571b9f74868c33b8da1fdcad889540b4ee,exact_multifile_bundle,6,1,1.0
aakashdevdat/Quiz_generator_1,dd01c889d3dda70f96ad4ed21bab2b534ee36a268a52e440482a4ded6365470d,exact_multifile_bundle,2,1,1.0
aankitroy/AI_Course_Generator,unique:aankitroy/AI_Course_Generator,insufficient_files_for_clustering,1,1,1.0
aazankhanYousafzai/Ai_Study_Assistant,054f2e380c9ae3a286c7d9a870f43c6a5fbfa874420a921f3c08e269f8d9513a,exact_multifile_bundle,2,1,1.0
abai-cn/linux-teaching-assistant,ba3f90765ba98c3cb529749e3c665d4317e006a947dfddb3938719d47a86f86f,exact_multifile_bundle,9,1,1.0
abdullahkhankakar/quiz-generator,1e880781e1bf41d2976195ad422e32645386089fd42c9fc86b1009f031a9f119,exact_multifile_bundle,6,1,1.0
abhey-patel/quiz-generator-space,5dc1ea10c0859727ec7af6ee4715d02d9f9a7104cc082faba44b7c5712949291,exact_multifile_bundle,2,1,1.0
abisheakm/brainybytes-ai-learning-companion,unique:abisheakm/brainybytes-ai-learning-companion,insufficient_files_for_clustering,1,1,1.0
abubakaraabi786/programming-tutor-chatbot,402a87239d07edbba11c613864f54c579b274213b45eea3b4e7d046e8745712b,exact_multifile_bundle,2,1,1.0
adil1598/edubot-ai-latex-learning-companion,c3d461496a32c8bfab87666869ab187230f01a10e6111f4c5dbc9fc337b74dda,exact_multifile_bundle,5,1,1.0
adriiita/TeachingAssistant,77462e0ba05b90aef1718cf3bb8ba5f994ce7a3adcdaa5ebf266a1c396121bae,exact_multifile_bundle,5,1,1.0
ajmalllllllll/loksewaai-pal-your-study-buddy-assistant,9d657adb816ade8d3209125acc6b39b4284d6958eaef72fb71c1d5a02d7690d6,exact_multifile_bundle,6,1,1.0
akhileshjethi/Study-assistant-ai,7bf4cfdfa971560d0d72c13d918dc6345bd5a28a3ec8a81d1d16c7d6e6b8cc03,exact_multifile_bundle,2,1,1.0
akshay0149/TeachingAssistant,265327b798966b37ababc460928c9dfbbb549955acedba2622102ffd1a3cc94c,exact_multifile_bundle,2,4,0.25
alusinebarrie/ai-teaching-assistant,23fe58352b3e1d311f8cc50a17ea1b2fd86ceb15f12a75181adf434454efc4d4,exact_multifile_bundle,2,4,0.25
alusinebarrie/your-ai-teaching-assistant,faf7aea4cb7c00816f5f7342b6fc4e72919d9a3e05e9e0384e15cd5077691ec2,exact_multifile_bundle,2,1,1.0
amalrajmp/StudyAssistant,26f24aca53111aa51658a333f87ae219b962ec152c1f0fffb76fae63065ef114,exact_multifile_bundle,2,1,1.0
aman7935/Quiz_generator,unique:aman7935/Quiz_generator,insufficient_files_for_clustering,1,1,1.0
anir-1995/AI_Quiz_Generator,4084745d0b8470df5ae19ddb707e1a5082dcb919d746b4e7c24961c17bf5031a,exact_multifile_bundle,3,1,1.0
anissh2026/StudyAssistant,unique:anissh2026/StudyAssistant,insufficient_files_for_clustering,1,1,1.0
ankittumu/Ace-Study-Assistant,cd96d4872dc4683c4dd10c0bc912bb3f0dd9c06f8d8046804fe077acf53365d7,exact_multifile_bundle,2,1,1.0
antedotee/teachingAssistant,b3542bc971d4307063d940bdd1849b4d3fab5f630b5e2c628c10628b7e1be22c,exact_multifile_bundle,4,1,1.0
appcreator199/studyassistant,78f7d9624071228f2d57eb2e9c80f8fcc538d065630d82707d411117c71e7fde,exact_multifile_bundle,2,5,0.2
ariyonshayne/StudyAssistant,unique:ariyonshayne/StudyAssistant,insufficient_files_for_clustering,1,1,1.0
arjunjuneja/socratic-tutor,a92d217bc3d5cda3bee6894c507e621532f347a18d594b2ebea39f9e1865857f,exact_multifile_bundle,9,1,1.0
arjunnnnn0720/StudyAssistant,64360d1c65a8f9d8e5eded7e9e23a725cebf9fe6b4f0cb30cd8974cb90a6a849,exact_multifile_bundle,2,1,1.0
arkiitkgp/AITutor,05314f4fd64a6ae5668c03dbfef67be3c310babe2bc5b1aa101f34d777886f9a,exact_multifile_bundle,2,1,1.0
arsalan16/Quiz-Generator-App,35b1dd906d72b307fa5aab5944671c472aca00e7329975d8d8bbadaea0daa1e2,exact_multifile_bundle,2,1,1.0
arumugam-rockstar/Myfirst-AITutor,unique:arumugam-rockstar/Myfirst-AITutor,insufficient_files_for_clustering,1,1,1.0
asad9641/AI-Study-Assistant-Ragbase,5a0ff86c700e5a16e45475ffc56802b591e10a1e1e561d9aeb62f378e35a1a1a,exact_multifile_bundle,2,1,1.0
astro546/brainyboost-turbocharged-learning-companion,ee22fae5687d76e66f28d07286daa6f76d4c67022ee2ff1633a03772fff8f7fa,exact_multifile_bundle,2,1,1.0
aviatrix/Ai_Powered_Study_Assistant,fca443d552bc1c90c2fc44142069ff2207c4a4bcc161d9a82fe5c4216b2dc85a,exact_multifile_bundle,2,1,1.0
ay3shaa/ai-study-assistant,44f41309c5a94130226a69c4097d3400d4de17db41f2dd7dd49cac0846f06f72,exact_multifile_bundle,6,1,1.0
ayudellastuti/rag-quiz-generator,cec094b24475450fea14441b3c83edf96cd8f2c1a3fa1496ef7f4c1622b107ab,exact_multifile_bundle,9,1,1.0
ayushpatil003/study_assistant,unique:ayushpatil003/study_assistant,insufficient_files_for_clustering,1,1,1.0
ayushsainime/socratic_maths_tutor.ai,a4dd8c8c387d85cb2de52c3ca1aa46c4ee37c8efc8bc78316e8f475117be0ad9,exact_multifile_bundle,9,1,1.0
barjacca/medcoach-ai-medical-learning-companion,8c44f00d7810ad5f136f764a23860336791bc07cc84ab8c2eabaed382110b2f1,exact_multifile_bundle,5,1,1.0
bharath-wizard/study-assistant,unique:bharath-wizard/study-assistant,insufficient_files_for_clustering,1,1,1.0
bhaskarreddy2006/my-study-assistant,47b5789214b64ad4c9c4eed68f5e04a9cf5efaffa5d02b02277a4d71593c0843,exact_multifile_bundle,2,1,1.0
biagio619/noryai-clone-smart-learning-companion,bc88546e96b38c1851fcfcffa4d610224e5b09e2a33f543ce85f0290adc56158,exact_multifile_bundle,4,1,1.0
bielik-chatbot-devteam/english_tutor_bielik_ai,ef625acee2bc6036a2496f547b1b162124136bd6ec020acf55e7f69190b209ba,exact_multifile_bundle,4,1,1.0
bikki8121/edupioneer-offline-ai-learning-companion,unique:bikki8121/edupioneer-offline-ai-learning-companion,insufficient_files_for_clustering,1,1,1.0
bimboawo2026/AI-Tutor,8a4fc7e4d9becebe57bfbfd39b9bce04715e81d121e5ee179a1b9d66628ef8f0,exact_multifile_bundle,2,1,1.0
bimboawo2026/Smart-AI-Tutor,unique:bimboawo2026/Smart-AI-Tutor,insufficient_files_for_clustering,1,1,1.0
bobo0000/PDF-Quiz-Generator,4cb5777ad1655b0f3f42d5bbf598711ebeee70b546d2e26636d0fd066086aecd,exact_multifile_bundle,3,1,1.0
brcew/ai-engineering-tutor,6d424dbcdea82fbf7017194b9239aa2a23e2e8c655eeb7e4bbeb8998b484bb43,exact_multifile_bundle,8,1,1.0
bruce76/travel-quiz-generator,9673daaf759a32819ad1cf185a598f1302501e152bcbde9debf8a4c39e95b055,exact_multifile_bundle,2,1,1.0
build-small-hackathon/tutordesk-ai,403f9e913bcc96e2c9f89b360d14cfaa4dac2099fe2106d4ea9cd49351ba8b8a,exact_multifile_bundle,8,1,1.0
cONTACTOINC/urania-ai-stellar-learning-companion,8fe815bc2f8bc7144b3e9e74d4028e5d6f6412e72e18e795cfeab7aec68e5d9d,exact_multifile_bundle,5,1,1.0
cdgsdg/ahs-study-assistant,unique:cdgsdg/ahs-study-assistant,insufficient_files_for_clustering,1,1,1.0
chakrikajasti/AI_TUTOR,aa1fe329cc828c71e2a532552c4bdb49f0324880b372b3d73aa3e1711451d145,exact_multifile_bundle,2,7,0.14285714285714285
chandanareddy1234/AITutor,ca9eae46bbe257d8c10ad0a3025aa386c2e1c66c379b67b8f2bc0ee43843d452,exact_multifile_bundle,2,1,1.0
chandrakireeti/StudyAssistant,882d54290e9a55ed8823527f099c815860a0fac033345764ccfa76baa98175d3,exact_multifile_bundle,2,1,1.0
chapeljj/PISA-Teaching-Assistant-Chatbot,1cce5a4a853b13352927ba25bcdc5d1bfc65e86dc73b146dc64789d3a53a0d05,exact_multifile_bundle,3,1,1.0
chenna2004/StudyAssistant,unique:chenna2004/StudyAssistant,insufficient_files_for_clustering,1,1,1.0
cheriftassii/my-ai-tutor,5196eb3cc1e8d3ddf0606c822352af8b88986aec578fae16d5c3323894959f08,exact_multifile_bundle,2,1,1.0
chsubhasis/AI_Tutor,24c45c6b2c86ffc44e35410d0aa86eaee9357281b41869ae02782108a6a4eb7a,exact_multifile_bundle,2,1,1.0
cipher2150/Study-Assistant,ce74b4f472254cf49d4c0daef084da170983c273f5e2c0d6344a0de702d7f557,exact_multifile_bundle,2,1,1.0
ck-2004/StudyAssistant,unique:ck-2004/StudyAssistant,insufficient_files_for_clustering,1,1,1.0
cllllw/smart-study-assistant,unique:cllllw/smart-study-assistant,insufficient_files_for_clustering,1,1,1.0
clugg25/cluggos-ai-quiz-generator,720687555b162f13b55cd9786396292a6cdf63ff9b66b89ff6d141368d155a87,exact_multifile_bundle,3,1,1.0
codewithchaitanya15/StudyAssistant,030298761adc438c7472d6104ab0db9132fc8bbd0e73d80e65b07e0cac8b139b,exact_multifile_bundle,2,1,1.0
colindj/quizcraft-pro-ai-powered-quiz-generator,unique:colindj/quizcraft-pro-ai-powered-quiz-generator,insufficient_files_for_clustering,1,1,1.0
coolcoderAk/StudyAssistant,unique:coolcoderAk/StudyAssistant,insufficient_files_for_clustering,1,1,1.0
cosmoEagle/DSA-Teaching-Assistant,4f9acac55b146339f561213a53029921cbfe6e790c72d4610e379931ca5c0811,exact_multifile_bundle,9,1,1.0
crystallizedcrust/quiz-generator,fa390a515d4a7ada29ebaff6d7fb77cc9334b532e68b77fa21150fc502ab7366,exact_multifile_bundle,2,1,1.0
curalearning/lesson_plan_generator,f848e67aff523581ca268cc6d9930ffd477b2d803e45f39c7cf8b26c502676b5,exact_multifile_bundle,5,1,1.0
czdczcd/mentorai-your-ai-learning-companion,c4b4db362c8802af34cb45ecf66e6706b10c71b662ee79a9fd237e7fa2225610,exact_multifile_bundle,4,1,1.0
dakad52/edusphere-3d-tunisian-learning-companion,unique:dakad52/edusphere-3d-tunisian-learning-companion,insufficient_files_for_clustering,1,1,1.0
danielspba/Chatbot-Tutor-IA,e27c466eb6039acdc38d8d385a8a5e9df3d6a3d36e18b387475302eb5e062629,exact_multifile_bundle,2,1,1.0
danielspba/Chatbot_prof_tutor,ecf906e092c4f268af58e275d2e485e3b7788daa0d1e1e87294e08451aaba68f,exact_multifile_bundle,2,1,1.0
danrdoran/ai_tutor_flan_base,f3b7e5aa03ac240a403ccf78d35c62c6392ada3feeefd994a606cbb13f93a361,exact_multifile_bundle,2,1,1.0
danrdoran/ai_tutor_flan_t5_large,a4e92d3843344388f33333fc993cf0c2ca23ff047c0c458c64b7f28c99815d76,exact_multifile_bundle,2,1,1.0
danrdoran/ai_tutor_gpt_neox,e7b432c43cd14f7007a1f2ad234574745d1d50a0348efa38d568847bf3950527,exact_multifile_bundle,2,1,1.0
danrdoran/ai_tutor_llama,ec2e17fcb37b1b0d5c82689aa2045e21964150524f6b37f4d110d4a758ffcccb,exact_multifile_bundle,2,1,1.0
danrdoran/ai_tutor_v2,244471e8c95dca0e92afd4ba2f9ffbeae0e41443a874dfe878abb5a830d1018d,exact_multifile_bundle,2,1,1.0
daud97/edubuddy-fun-learning-companion,1092aa81de863c26cd62beae8585f0584a94b6b5772649b66b9379a7c712087b,exact_multifile_bundle,7,1,1.0
david280010195/Teaching_Assistant_AI,b17df9d429713e2d615ed3decd30dd2629bc5f45b346da3d89081c3f287fe896,exact_multifile_bundle,6,1,1.0
deepang1902/quiz-generator-api,aacd758635994ed90bf78ec45b70a8cb9ddefabd2602c90b8b9164929bbc1c19,exact_multifile_bundle,2,1,1.0
deepthi8518/StudyAssistantApp,458b99320f80a0fa720e491c4a9ef00e788f2c1d8aab7efacca23a7c397a9b00,exact_multifile_bundle,3,1,1.0
deneve07/pharma-quiz-generator,a6ac3d84c95bbf086cc7341467fcc2e7d1b0c5f2000f1b38930d6e9f846c3508,exact_multifile_bundle,2,1,1.0
dhanushshenoyh/study_assistant,e33261e3c278ca8fc44c318ef4b5904ebbc97e391c020cc8ed3e23b72e51da27,exact_multifile_bundle,2,1,1.0
dhivakar/my-study-assistant,cde4500fd0f533948d877bf41cf2ce222c2a15f4aaf044b6921422742cc4f558,exact_multifile_bundle,2,1,1.0
dikshita0503/pdf-to-quiz-generator,e9f8311adde4319f345a7bae9bc5f2def2734e9c835c408f4a35033e258422b5,exact_multifile_bundle,4,1,1.0
dineshstark7/StudyAssistant,648033f0cd7ff96d803fe52dd8ab773ad44e82b1c11410cde5fc19c272aa1530,exact_multifile_bundle,3,1,1.0
dinu143/Study-Assistant,f1d36668d008d9cacdf6590f8b8f8ca7e5850589940d5c0779f249d8d60b24ee,exact_multifile_bundle,2,2,0.5
djaber15/ai_tutor,60b5240c7d4a94e86dd12780a5adedbb7627d4fc5d8bdbff16f5e4e43b8e19c9,exact_multifile_bundle,7,1,1.0
dogukanada7474/tutor-chatbot,unique:dogukanada7474/tutor-chatbot,insufficient_files_for_clustering,1,1,1.0
dohael/education-maroc-chatbot,unique:dohael/education-maroc-chatbot,insufficient_files_for_clustering,1,1,1.0
doudoug1/educational-chatbot,6d784bb66ea659188da8bc578891a66cca55412ce21f863f5ec0ebd6632f7620,exact_multifile_bundle,2,1,1.0
echarif/education_chatbot,4a6fca81fc942d0355c57797c76391a2c122cdfca715d207c4aeef80d92ad922,exact_multifile_bundle,2,1,1.0
educationAI/education-ai-study-assistant,unique:educationAI/education-ai-study-assistant,insufficient_files_for_clustering,1,1,1.0
ekantabanik/Tutor_Ai,b90d7ae37fc6fa0e81a4bc125982a302a84c999352ce626d4ea392eb4261cdb9,exact_multifile_bundle,7,1,1.0
ekerin/german-tutor-chatbot,unique:ekerin/german-tutor-chatbot,insufficient_files_for_clustering,1,1,1.0
ekerin/german-tutor-chatbot-v2,a1c7b74af13794f639cd09684f56808c7a7bcf31ed619ee9bd60984e50a1b9b0,exact_multifile_bundle,2,1,1.0
elsi29/Quiz-Generator-NLP,ed9dd5c957ac4e47fecfdf4ce883c1b4d362346d841c02e4ad50c5cc30d5f6b1,exact_multifile_bundle,2,1,1.0
elsi29/Quiz-Generator-TextPy,54478699faca94f4794fe5dcfa9844506820da685c12460cdba3e769f613e037,exact_multifile_bundle,2,1,1.0
emanramadan/Tutor_Chatbot,fccbe8cff04760d8b03a463bae888d4220b3360e6b6edbf660b81438a6788f4d,exact_multifile_bundle,3,1,1.0
emanramadan/Tutor_Chatbot_,f5ce9c882b0a9ba86e8703b4de4cf280f198304b821a14c08ff34611b3976c35,exact_multifile_bundle,3,1,1.0
emashahzad/StudyAssistant,cea3ebf1d3a6e7fdaa05c11dae9be0a32b45b6b36e41d9a15343d82af97ccc7f,exact_multifile_bundle,2,1,1.0
engrsalman/Educational-AI-Chatbot,4d5b2e51e6281a0c29c8f4b0c3b221a642e8717b7bf4d2d1d9d29e415bfa4db9,exact_multifile_bundle,2,1,1.0
eoinmcg/ai_tutor,133a5da552da19cd1671d4e14ff276eab32666641037d1524a3f2bb3b5bd742e,exact_multifile_bundle,2,1,1.0
eugenelaw2809/wordbridge-english-learning-companion,bee983e75f63d8c3ad892a1a43dfeb4bc9fe2623b6a58e2c777e698602798274,exact_multifile_bundle,9,1,1.0
eureckaeurecka1/AI-Study-Assistant,unique:eureckaeurecka1/AI-Study-Assistant,insufficient_files_for_clustering,1,1,1.0
eureka33/edugenius-ai-smart-learning-companion,unique:eureka33/edugenius-ai-smart-learning-companion,insufficient_files_for_clustering,1,1,1.0
exonique/edubot-your-smart-study-assistant,unique:exonique/edubot-your-smart-study-assistant,insufficient_files_for_clustering,1,1,1.0
fabeha-raheel/ai_study_assistant,1a4174b525b784b514b9067ff404a0e97160f1da133f3263d3ff8a4581f1dbed,exact_multifile_bundle,2,1,1.0
fahadsiddiqui337/AI-education-chatbot,698fd7528522d4a211eeea58f65b3083aef8b6ee37d5f53a2ed2fd3e698bdd34,exact_multifile_bundle,2,1,1.0
fatymah12/AI_Quiz_Generator,26c8fdb92d0662a80254ea65b2c6af169b8645e5c4414073c7fe10f8088c8972,exact_multifile_bundle,2,1,1.0
firobeid/AI_Tutor,3dbed4b16e60794ee0b835ba6be0b0a239b5b7aacbd5bdb17965104bf04ef3ee,exact_multifile_bundle,2,1,1.0
fizailyas783/smart-study-assistant,b95815db097f2eda0704f030d8941033860a88bb40f4fd85f1553bff30d1997e,exact_multifile_bundle,2,1,1.0
flexfitfury9/Ai_educational_platform,2ce9c354ae01e861e8a319119d277378faa80d61e624cacb562dda7ca04c553e,exact_multifile_bundle,7,1,1.0
flexfitfury9/ai-educational-platform,e30f6119030b28661c2fcc7ca7d40a698ef9abe21afb9920b4ff4df09047995c,exact_multifile_bundle,9,1,1.0
forWard666/AL_TEACHING_ASSISTANT,23fe58352b3e1d311f8cc50a17ea1b2fd86ceb15f12a75181adf434454efc4d4,exact_multifile_bundle,2,4,0.25
forwebdevelopmentuse/quiz-ai-generator,671b7f7b907c981159e57c8778efdbcf24d6ad5a480bd3b6bf86e7b804385ed4,exact_multifile_bundle,2,1,1.0
galliumbot/studyflow-smart-learning-companion,45b9b9010549a37a924bcdfcd29fe11341bce4d5b64fc691ae55ba0a8da99125,exact_multifile_bundle,8,1,1.0
gaurav9821/AI-language-Tutor,6dc6764e4d75d91f8ed34bcd0815151de4138c8554f487c7cc89b354c857d593,exact_multifile_bundle,2,1,1.0
gauravtiwari31/studygenie-smart-learning-companion,e06241be484ba50af456b81794e983614853dc14071fe0c42646ba167ca35797,exact_multifile_bundle,4,1,1.0
geekaijosh/Agent_AI_Tutor,0e6915b3acf6a9e9d9405337189fef85779608cb1e6837bb9c67670048ed8f46,exact_multifile_bundle,2,1,1.0
gionarchitect/eduspark-ai-learning-companion,unique:gionarchitect/eduspark-ai-learning-companion,insufficient_files_for_clustering,1,1,1.0
gneya/educational_chatbot,82c1ef95e11f1d337fb1160771d4488673f4facb72a6cde8c22e4f545e9d56cd,exact_multifile_bundle,3,1,1.0
gobikrishna87/TechBytz-AI-Tutor,e4b36a9bdce739b30bfbd9c3a866f8bda75a4508e3490f18f7d7fe0733296277,exact_multifile_bundle,2,1,1.0
google/rad_learning_companion,cd3aa9c1f2d9eb84c6cd245ff2a5c2147d1d1e977a00c596443e1e6df65be67c,exact_multifile_bundle,8,1,1.0
gopichand55k/StudyAssistant,a676f1695a20df3839806ebebc203f8afc9d3a8022981574d46857ff829cdd8c,exact_multifile_bundle,2,1,1.0
gouravbathla/Language_Tutor,aeafb536412c9dc6507350c30da6c27c567b018c0528fc43c9b9798ddadc16a4,exact_multifile_bundle,4,1,1.0
gr3g0r-i/quiz-generator,220fdd29c5f705c95cc51dcf86f7951a423f987163e7f6618d78f26aefbe2f35,exact_multifile_bundle,2,1,1.0
guddolla/AI_TUTOR,4857930b6187de566d6d160d1776f655fe56c9dff1912e64c3eda0b276e45d4c,exact_multifile_bundle,5,2,0.5
guddolla/ai.tutor,4857930b6187de566d6d160d1776f655fe56c9dff1912e64c3eda0b276e45d4c,exact_multifile_bundle,5,2,0.5
habiba-elshrkawy/quiz-generator,2807343f5aa9ca7c3fcc7e034b15facdac7b9029aeaff6f65cb673deff8a1ed5,exact_multifile_bundle,3,1,1.0
hackmisty123/hack-misty-ai-tutor,80c030f3278f23940b361e6831e0f1cd497a9ed7073a76c4b57b34aef51683ca,exact_multifile_bundle,9,1,1.0
haiderijaz/mock-quiz-generator,a8e52024eded8b321f5773044960de17d686f6ed7fc2605ac0a241f33437d37c,exact_multifile_bundle,7,1,1.0
hamidamoosa/ai-generator-quiz,unique:hamidamoosa/ai-generator-quiz,insufficient_files_for_clustering,1,1,1.0
hamidamoosa/quiz-generator,unique:hamidamoosa/quiz-generator,insufficient_files_for_clustering,1,1,1.0
hamzaraeescarpet/bulk_quiz_video_generator,unique:hamzaraeescarpet/bulk_quiz_video_generator,insufficient_files_for_clustering,1,1,1.0
harika-donthula/my-study-assistant,265327b798966b37ababc460928c9dfbbb549955acedba2622102ffd1a3cc94c,exact_multifile_bundle,2,4,0.25
harikagajjala/AI_TUTOR,df282fbbce9e4bd4fd9f27598737c1160a5b03c43b2fae5e5aa7f2617affab2b,exact_multifile_bundle,2,1,1.0
harsha17v/StudyAssistant,b0710d49ed71d8927297fd83233f9ce1190f7a3988169d20e795bb4c6bd6d327,exact_multifile_bundle,3,1,1.0
harshj0506/teachingAssistant,73ca497eca8d3008dc789e3345e7e84fbba11fb111d61892a32feb3f1ab46cf6,exact_multifile_bundle,2,1,1.0
harshu07/ai_tutor,78f7d9624071228f2d57eb2e9c80f8fcc538d065630d82707d411117c71e7fde,exact_multifile_bundle,2,5,0.2
harshu07/ai_tutor_app,unique:harshu07/ai_tutor_app,insufficient_files_for_clustering,1,1,1.0
harwoldjosh/Silent-testing-educational-ai,1736ba2da7fe5ff318ad0afa3dc06466de14a345ee8cbe00d1cd56780ba6bc17,exact_multifile_bundle,2,1,1.0
hasithmutha/quiz-generator-ai,78f7d9624071228f2d57eb2e9c80f8fcc538d065630d82707d411117c71e7fde,exact_multifile_bundle,2,5,0.2
hemanthpara007/study_assistant,unique:hemanthpara007/study_assistant,insufficient_files_for_clustering,1,1,1.0
hussainzaidi/AI-Teaching-Assistant,936d17dee19f3b96af4c64d45bf8031d5a0a54e3a3faf4ee40101d975047dacf,exact_multifile_bundle,2,1,1.0
husseinhug321/Study-Buddy-AI-Learning-Assistant,f7c2c6bf6bdaaa2ccf52d2cf3675628f8047e759eddddc17e81a7b4ab4842e74,exact_multifile_bundle,6,1,1.0
hyder-ali/ai_tutor,ae741cb7409d85d48bdffb19790620b482316b5786fff79f813567ac9032d110,exact_multifile_bundle,2,1,1.0
iamyash222/studyAssistant,240fd160d9e3b2735f153234528e3a2126fe4af544143823959ec50f2b57973f,exact_multifile_bundle,2,1,1.0
ifaundezf/estudiapp-quiz-generator,cbb23832f0dd7874325e19de130f66077b5729d86ee736299a7b9bcbaf933a7d,exact_multifile_bundle,2,1,1.0
iju123/Quiz_Generator,f9edf1aa07152ba144a1b471bf4f075e1b4bbf5cb530755d2e140f598470d319,exact_multifile_bundle,2,1,1.0
ilangs/AI_Math_Tutor,ad73824505fa0bc8b73ae395d5b5ea5f3b3dd036ee993067833df79020699d6e,exact_multifile_bundle,9,1,1.0
ilsa15/educational_chatbot,fa47ecccdbc550afba8087cdcb4eb71027d1de6c0671a76d8627a4365bbfcb59,exact_multifile_bundle,2,1,1.0
imshopper/AI-Quiz-Generator,1430593ba6d922165abce2cc04148429716d070f2f7b3cd262758d423f36cf13,exact_multifile_bundle,3,1,1.0
ishanmm0410/rag-quiz-generator,0368e49bbfa93388ca23bc97d0512188c20fc3c32bc51051464251264a53e28e,exact_multifile_bundle,5,1,1.0
isreyas/Study_Assistant,d11ad792abd28aa0c1f730b4c6fd6c465b19c676a7e87aeb5ad88767f8fb1fa8,exact_multifile_bundle,2,1,1.0
istvankurucz/quiz-generator-embedding-server,fbb2e2c8e2103616e72e5bb63b0880de302851b72eff31dad866c6b42ec9fd45,exact_multifile_bundle,2,1,1.0
itsh4r01/AI-Quiz-Generator,636f62fbaa3c36b709821838c85066a1b993bf95ee3875629414902744035901,exact_multifile_bundle,2,1,1.0
jakeeeeeeee/my-study-assistant,265327b798966b37ababc460928c9dfbbb549955acedba2622102ffd1a3cc94c,exact_multifile_bundle,2,4,0.25
jatandw/edugenius-ai-smart-learning-companion,ad130af2d79c7557ad5df05e4aed209a68611c5f3933a3ebbc57040de5ad6297,exact_multifile_bundle,7,1,1.0
jayeshjachak/Study_Assistant,fb7b958a968a1c291ebe8c63ff26e068b6f2274382d752bad1689236c39d4b9d,exact_multifile_bundle,2,1,1.0
jdbolter/language-tutor,ce5b5a678b17f441eab60f772689ff4f32ed81a5bd9ed21094375a482de28414,exact_multifile_bundle,2,1,1.0
jee-ai-tutor/jee-ai-tutor-app,3697dc9cf48a4e5698e2eb6953fab981ca8b5fe3376f4f16b6c2337f7cbc9bbb,exact_multifile_bundle,2,1,1.0
jeffrey1963/Teaching_Assistant,cf164df263ce10324b7c536d580e632ad189edeec9056052c140c94fe8bb9ce6,exact_multifile_bundle,2,1,1.0
jenny-yuu/english-teaching-assistant,bb39bc464cbf101cd7bae49670a842ebe1b96496a03a4a86f8be99aae2493794,exact_multifile_bundle,2,1,1.0
jeyabala2905/12th-biology-ai-tutor,unique:jeyabala2905/12th-biology-ai-tutor,insufficient_files_for_clustering,1,1,1.0
jimmyyzz/Quiz_Generator,6075e2516205880ff6288bc0fce238c721a84c3f6058b402ecc679de988fd5ca,exact_multifile_bundle,5,1,1.0
jiophone716/studyzen-focused-learning-companion,unique:jiophone716/studyzen-focused-learning-companion,insufficient_files_for_clustering,1,1,1.0
jlazoflores/Language_Tutor,4fd8c480b236ca48fba4b2c83b9a88e8343d0a5bc55c940d987a7e162c231e39,exact_multifile_bundle,6,1,1.0
joaolucascosta/edunext-ai-powered-learning-companion,unique:joaolucascosta/edunext-ai-powered-learning-companion,insufficient_files_for_clustering,1,1,1.0
johhnpauull/edupulse-the-smart-learning-companion,a3ea65a3f50e41bb7443236ef76a1d3008c5cc9f01499c170b695d95c5adee88,exact_multifile_bundle,9,1,1.0
john-supplychain/cpim-ai-tutor,01989e31e7b05517ec654e48058d3194209c18bd5f2bfa0ced79ae77b45ed910,exact_multifile_bundle,3,1,1.0
johncxstlzzz/edubot-ai-your-smart-learning-companion,07fb1e3b52a6032ee68fab516193ef1c7338086d29cf6c9e5547a0748f894044,exact_multifile_bundle,3,1,1.0
jonowrenn/cs-study-assistant,149ab199ff8d0fa51c99018938fbe92044a6d96260caae33d09bd31da66cc5a3,exact_multifile_bundle,2,1,1.0
jsilbersky/AI-language-tutor,ab944f4e9f485f4413fcbe4d7cbe4d4b9bdd53dc10002281ab0c4ff06ae01f48,exact_multifile_bundle,2,1,1.0
jyoti210303/quiz-question-generator,unique:jyoti210303/quiz-question-generator,insufficient_files_for_clustering,1,1,1.0
kalai1915/AI-Tutor-Image-Gen,c1f7f8daf679cb5c8f7d31ecb07165c9c09b1244b14633f9f548fa393dbab909,exact_multifile_bundle,2,1,1.0
kamiangelova/ai-educational-quiz,unique:kamiangelova/ai-educational-quiz,insufficient_files_for_clustering,1,1,1.0
kanagaraj/StudyAssistant,55f73d637ba734b17af3be32d97d5a4603e01876ec927c936902a6ab22a878f0,exact_multifile_bundle,2,1,1.0
karibubybsf/ai_tutor,da46c0947c9d8b2fc6d95fdb975a442c60978241531cf50d3077dea5582ae364,exact_multifile_bundle,3,1,1.0
karibubybsf/ai_tutor_v2,c9f74d5886bead0199615298e660d84c25cc1dcaedf751c7ab623bfa23083190,exact_multifile_bundle,4,1,1.0
karibubybsf/ai_tutor_v3,242c5bec93605b3a55f7a08cbc80a719e49689fcb3db3619dd6775d0291637e9,exact_multifile_bundle,4,1,1.0
kastan/ai-teaching-assistant,07fb64c3cff588b054644b361a56660a03ee751c3e623003c751bae96e0507a0,exact_multifile_bundle,5,1,1.0
kastan/ai-teaching-assistant-beta,f0ce9ff4e56e713466d73b833cf992f232c8ced49fd94d8f3bc344acd6f75be4,exact_multifile_bundle,5,1,1.0
kavyasri0821/AI_Converstational_Data_Science_Tutor,3a5e0dc66e22d56c114f2b5ee97c5333510148b714545bd8ce4b957d4b8fa577,exact_multifile_bundle,2,1,1.0
ke955/smm2-course-generator,6410addffc8eed8cda00d93cda3397d3392dc8e59b3b335e65f0f866b64b69ae,exact_multifile_bundle,2,1,1.0
khankashif/education_assistant_chatbot,83013a420b844f54d261d2d1ba37c3932056d886d9e7d9972968d97f7ed91a6e,exact_multifile_bundle,2,1,1.0
kinely/Study-Assistant,db69ecf2f2980989a094fdc3d85050fbef165924dd7262c2e474be58524ed076,exact_multifile_bundle,2,1,1.0
king011/AI-quiz-generator,a0f6a3163ac8bc82ececde80534aed6dacd5071fba146258dd736a5d5b3c7972,exact_multifile_bundle,2,1,1.0
kodamkarthik281/AI_Conversational_Tutor,5cc29b8921b309cbed4d422c3ec0a73b451cd3889354d48fa24e56fdeb59dd3b,exact_multifile_bundle,2,1,1.0
kollalekhan/StudyAssistant,b0872c94273fd46a14044c6b8b1bbd6039cded0442f0672de785bfb7a0fb7f11,exact_multifile_bundle,3,1,1.0
kousarshaik/AI_TUTOR,unique:kousarshaik/AI_TUTOR,insufficient_files_for_clustering,1,1,1.0
kouseic/offlearn-ai-learning-companion,unique:kouseic/offlearn-ai-learning-companion,insufficient_files_for_clustering,1,1,1.0
kr1shnasharma/academic-tutor-ai,74bb5bf7572cc056f664002211dfa987bb361f3f23d6830457b87c5266813f20,exact_multifile_bundle,8,1,1.0
kr1shnasharma/swp1-academic-ai-tutor,decc1d08082049863c7009d1cd1f683c1d34ea0d71aaed1d2598f5323c883f1d,exact_multifile_bundle,4,1,1.0
krishala/TutorChatbot,cfa135b78d8266296d66e3386215a2fdc5691b6c4fc465ca8cd18e074c8b377a,exact_multifile_bundle,2,1,1.0
krishnachaithanya26/StudyAssistant,730d8f9d27052fa074d8418c9e8867ea4e9007aa79f58cac9c17b13f356f6fa4,exact_multifile_bundle,2,1,1.0
kshitijsingh030/KS_AI_TUTOR,unique:kshitijsingh030/KS_AI_TUTOR,insufficient_files_for_clustering,1,1,1.0
ktmc15/parleur-fran-ais-french-learning-companion,unique:ktmc15/parleur-fran-ais-french-learning-companion,insufficient_files_for_clustering,1,1,1.0
kunalhugface/Football_Tutor_Chatbot,9b973c1f62e306854340c4a71606686857bf0202ba39b0ec5e05f9eecda39445,exact_multifile_bundle,9,1,1.0
kundan857/StudyAssistant,5cd06a8bbd38af523e8d484420ba0524468584601aad228918fa4f6bc13e3d54,exact_multifile_bundle,2,1,1.0
kyokyo99/eduglide-smart-learning-companion,33ce4b2961ca3f600dfe48653996ab6510a84702595de4613ace7dc1978c139c,exact_multifile_bundle,8,1,1.0
laharikalva/ai-tutor,aa1fe329cc828c71e2a532552c4bdb49f0324880b372b3d73aa3e1711451d145,exact_multifile_bundle,2,7,0.14285714285714285
lekhankolla/StudyAssistant,c391fbb17741564381cd07b63edde9c7a88ec149461d901d9ddf40a67c6af674,exact_multifile_bundle,3,2,0.5
louiecerv/problem_solving_ai_tutor,6666987da17309d991927f921738c2b70770a897e762990eea1eaf3c876b1bad,exact_multifile_bundle,2,1,1.0
lynnnnrz/ai-teaching-assistant,2d701320210079682526cc36f23ba84ff3965d63be41d435f12512140c090b94,exact_multifile_bundle,8,2,0.5
lynnnnrz/ai_teaching_assistant,9e4ec3d87bf1acf5ea75608d26feff32b101fa8cf15966d041e7a1cdbc481831,exact_multifile_bundle,5,1,1.0
maheshj90/StudyAssistant,af914dee57cbf25dd71022bbbd43628a262eddad29ac92c4d1d9b151d3c2fca1,exact_multifile_bundle,2,1,1.0
mahmoudnageeb/studysphere-smart-learning-companion,c3ded0a14d9e811f192737f771ea51f42f2c0291b6e3c1d307ec9c4f5b2d29fa,exact_multifile_bundle,2,1,1.0
manojkonathala/educational-rag-chatbot,unique:manojkonathala/educational-rag-chatbot,insufficient_files_for_clustering,1,1,1.0
maria355/Ai_teaching_assistant,51c3ad24f215f9a3811c366dd0d8c55679580035fc8f5fa4010183ae088f5226,exact_multifile_bundle,2,1,1.0
maria355/Quiz-Generator,d7ff6be1df835d10400d5c0e3652666f1ff8a072d0172ad610dfe429fd641576,exact_multifile_bundle,2,1,1.0
marty331/AI_Tutor,8fc58158e5b985daa8845879bad13379e5ef394478d6049b3e5ff35816f5d861,exact_multifile_bundle,2,1,1.0
mashetti-17varshitha/AI_tutor,fb8a91042c27aaea7563b292f1b34dec38a0773be56fa12ca663b24d3b950c8b,exact_multifile_bundle,2,2,0.5
mattdotvaughn/reachy_mini_language_tutor,fd410f9c1dc84c5a140fcf930c3150593f616194030d550011a853b072caa431,exact_multifile_bundle,8,2,0.5
mattwritenow/clozemaster-multilingual-learning-companion,1d957bdae8fa1c2c73888c4e749936d72517ff38a0d853fa70f4d026507d8edd,exact_multifile_bundle,2,1,1.0
mayankjen/AI-Powered_Teaching-Assistant,1ede14307a13a9d3d90f47dc31c0310b4f619325b875ae586fe8cacfb76f517a,exact_multifile_bundle,2,1,1.0
mehakkhan/Kaggle_Study_Assistant,3d2d822988f471fa3b57736324d23a1cc2e5fad093530d345c98d6703254ff34,exact_multifile_bundle,2,1,1.0
mehtisham/AI-Powered-Educational-Video_Generator,4c7c9f6ce3e71605e98cd54a897c39d725052542975f803fc329dbb72f972439,exact_multifile_bundle,2,1,1.0
mehwishafsa/education_chatbot,c4341227ce1574de3d526053e4fc7047b828bd8535cd29accdb2c6af38ac9cb3,exact_multifile_bundle,2,1,1.0
mercLH44/new-ai-tutor,c017cbcd3245917ba4da50fd5cb9314409ff6591e6f8d0861139e5ed3705b722,exact_multifile_bundle,2,1,1.0
midlajvalappil/AI-Powered-YouTube-Transcript-Tutor,6d80ae6837113d8e2f8023daa407a7583a7988811c5c04415a571119d463531b,exact_multifile_bundle,2,1,1.0
mithilesh22/StudyAssistant,96d751412b8869c7ea3ec75a61eee3b61c655cf9d292a071376d50992185b244,exact_multifile_bundle,2,1,1.0
mkT83303/spanish-tutor-chatbot,8c2096c2dccb557e1b77405eafc8d017e9f9e9cca2692166700340e048824822,exact_multifile_bundle,2,1,1.0
mogbuehi/LO_AI_Tutor,89b7b5cac67ec540deb4bc9433b7e7cde2b7b1f7de2579c763d038ed0aa4c6d3,exact_multifile_bundle,2,1,1.0
mogbuehi/YT_Language_Tutor,974f6c154cd77e90e21e350c4751e4bba9a815126de664a6182e63a230002cf5,exact_multifile_bundle,3,2,0.5
mogbuehi/YT_Language_Tutor_2,974f6c154cd77e90e21e350c4751e4bba9a815126de664a6182e63a230002cf5,exact_multifile_bundle,3,2,0.5
mohammednouman/CB-Quiz-Generator,230d776a718f58c97f6e922105f9e25614240aa37087e5b24deb04ac21c6ac3e,exact_multifile_bundle,2,2,0.5
montue/Teaching_Assistant,23fe58352b3e1d311f8cc50a17ea1b2fd86ceb15f12a75181adf434454efc4d4,exact_multifile_bundle,2,4,0.25
mostafa2020/readease-english-learning-companion,a7652614ea79a7b836588422e23a807d42f4ac581a6bef064e08821593040978,exact_multifile_bundle,4,1,1.0
motsimaslam/Afri-AI-Tutor,31e4eea1f8166ecd7b7bd171faac60b86797ad8d66c927da12d9f4a9417b4bfa,exact_multifile_bundle,2,1,1.0
mounikathatikonda/AI_TUTOR,3dc65495352687001cf696ff64bdfe38e24460a7d7326d8081f7aab1d5cbb802,exact_multifile_bundle,2,1,1.0
mrhamxa/Gradio-based-RAG-study-assistant,4b02e525aa63aa81ebe3a91dd45638b9a7b1259727abf67b68b1ca5bb42b7f06,exact_multifile_bundle,2,1,1.0
ms1869468/lingualoom-english-learning-companion,82ae9c5268f8d1f96e85c7e64294d4655ea344f75c62305ca0dc4cbdcb9ed99c,exact_multifile_bundle,4,1,1.0
muhammadHassan123/quiz-generator-ai,162ae72a718005826a60d40663f36f85d88d5c7a0b9c2bd7b5787cdc62c8f65e,exact_multifile_bundle,2,1,1.0
mukeshpatel1006/Study_Assistant,7fe5eec48b34026ddb87532963a7a0af8c9aa795adec246f3de6319cb630b50d,exact_multifile_bundle,2,1,1.0
nabilakil/nabil-ai-tutor,a5268b0a98b228cbef0afe16b021880a1dd67b0075effc2489a8de7f80e7c699,exact_multifile_bundle,2,1,1.0
nakshatravuppula25/AI_TUTOR,2f16a81e5a36243e10cc0bf8d902f963fbf0d5eff0795328b5fa1da3ac02531d,exact_multifile_bundle,2,1,1.0
name1911434/LanguageTutor,f61de7600fa9d87f6507968153282227ceb5267246f2e8775718c47712b1382b,exact_multifile_bundle,2,1,1.0
nandigamavamshi/StudyAssistant,654958a1b52fa62ed0509352795d811dfa8a8b51483ea2e663ac73b86d93c453,exact_multifile_bundle,3,1,1.0
nandini1810/AI_TUTOR,8440081c8d48abc4045f9aece34bb3b8f82335d6a22aa39156c3b69165e2589c,exact_multifile_bundle,2,3,0.3333333333333333
naveensngc/AI-Tutor,unique:naveensngc/AI-Tutor,insufficient_files_for_clustering,1,1,1.0
nazib61/quiz_generator,6fdfd7badd4df3baed2724233976c95802769e65d3d4bc1bef540095e6e39a71,exact_multifile_bundle,2,1,1.0
neo-team/edubot-buddy-smart-learning-companion,unique:neo-team/edubot-buddy-smart-learning-companion,insufficient_files_for_clustering,1,1,1.0
nersyan/quiz-generator,1eebe5cf57a8ce5de4142263f51dbb1f60574d4ec6e172e533620cf37b2f2569,exact_multifile_bundle,2,1,1.0
nhu445/ai-english-tutor,d171e9f29ce8446dd7685776976dddd4ca3572d71c75888166f7b5bd8a6b7cf0,exact_multifile_bundle,8,1,1.0
nidhinkn280/theertha-ai-tutor,a38f28fe551e410815a051d213a8933d3bc659b8e7ef24e6295290954383b4ff,exact_multifile_bundle,9,1,1.0
nishayaseen001/StudyAssistant,0de15477af05a0d61ec262a85383218440bc798be43238eec2b31486892380b0,exact_multifile_bundle,2,1,1.0
nohitha05/AI-TUTOR,fd98221306ca7b231f7a737839231dd5ef1440e5cd587ef32aec7d725062b627,exact_multifile_bundle,2,1,1.0
npinar/quiz-generator,2aba357f2b9dde10b1a55b5ae265f37efe586889566a0670ccc3cebe4b76b55f,exact_multifile_bundle,3,1,1.0
nruhh/Ai_tutor,e3975a633e6431ff3efceee67ba5e3b2fd1857ebe774cbb1541eca15e89a86f0,exact_multifile_bundle,2,1,1.0
nublelouch/study-assistant,eaf6a6eda44ff5d799295339c68db734d2fb0f77a15567fbe71b7fcc22a0404a,exact_multifile_bundle,2,1,1.0
ogrenimmatik/edubuddy-smart-learning-companion,unique:ogrenimmatik/edubuddy-smart-learning-companion,insufficient_files_for_clustering,1,1,1.0
oluinioluwa814/Ai-tutor,8b1f8ab6c660588c314904f955e080f5f7d5a1b3ad8b84fd953daabf1f769717,exact_multifile_bundle,6,1,1.0
omprasadmahapatra/Ai_Math_Tutor,8ea45e490bccc771b567bab0ca48cc617b7ed592dee2e21bb93e82b0e4a555fa,exact_multifile_bundle,2,1,1.0
patilyash22/Python-tutor-chatbot,459b198267f54a42f89f8c61aa868a4d8cff814784b457b19fcf07581a9dfe89,exact_multifile_bundle,2,1,1.0
pattato1/language-tutor,b2686e728350ebca060f3598e1a8b4aa493f18b3f25297ddc21c191c6c0cdc36,exact_multifile_bundle,5,1,1.0
pattato1/languagetutor,00eca5d1d9592071dc5eb4b48c84621d027bad3978d06afd3363328ca8bead1f,exact_multifile_bundle,3,1,1.0
pavan151600/edugeniusai-smart-learning-companion,unique:pavan151600/edugeniusai-smart-learning-companion,insufficient_files_for_clustering,1,1,1.0
pawanjerwa2023/edugenius-ai-powered-learning-companion,7c2e3025d3b4879482ad502a33eaa4a563e3b64663e5b55799d0835927492891,exact_multifile_bundle,5,1,1.0
peacedamilola/ecostudy-green-study-assistant,unique:peacedamilola/ecostudy-green-study-assistant,insufficient_files_for_clustering,1,1,1.0
phanisrigandla/AI_Tutor,df53efa9a5551b7263f7e60cca715a16b007bbad5f04f3c257b866b7e8024364,exact_multifile_bundle,5,2,0.5
philipobiorah/socratic-tutor,335fdfa41cd7bf97ef3f147f465f4ca2a4d5cca10fe99477a04fb43abedad27d,exact_multifile_bundle,2,1,1.0
piscesdahyun/edubuddy-connect-digital-learning-companion,84591f2e6ddf1b57fb4cfe9a829aaa51ca67e40765e243584ac7d3666dc11910,exact_multifile_bundle,4,1,1.0
poojithathalla/AI_TUTOR,3cd405908d5fa40f590f2863e4ca013f7e94e286977d9046ac1ac30504db0786,exact_multifile_bundle,2,1,1.0
pradeepodela/AI-tech-tutor,e8e4eb7dda688785e4abe9b29e9c38575392e4e7fcd4da0cb9dcb10335efa2f6,exact_multifile_bundle,2,1,1.0
pranaymachi/StudyAssistant,a695f32f7c81ec7f9a53681fa49812ca1e1b503d1ffed1ae58ee419cb3d00283,exact_multifile_bundle,2,1,1.0
praneeth300/AI-Quiz-Generator,53c9dd1b9ea8eab2351ef832ba8669b8b6544df3c007ae1de9b3755606c03b80,exact_multifile_bundle,3,1,1.0
prasanth22118131/StudyAssistant,af256c1f9c529fe3f986439179177a7c6448cf5b97f3fadd57d5af719701bff7,exact_multifile_bundle,2,1,1.0
pratikshahp/Education-Chatbot-Guardrail,49175e3f53df1019838a0cca30c4b156da264247ce46d00d9383797dca5e782d,exact_multifile_bundle,4,2,0.5
praveenpamisetty/study_assistant,unique:praveenpamisetty/study_assistant,insufficient_files_for_clustering,1,1,1.0
provokingdiaries/AI_TUTOR,2e824f4b5e38de1b9b11d59356e246c0734ec9af3d72c1ebdf37059cccb6b127,exact_multifile_bundle,2,2,0.5
pseudolab/AI_Tutor_BERT,ae2a8dbced244081971c2680da32b4d4743d7bf516ec38099ad73755412161af,exact_multifile_bundle,2,1,1.0
pydeoxy/quiz_generator,ddfc123373413adbc551d0d08165e7ee8d88db01b0f2ea7453e790d24d69587d,exact_multifile_bundle,2,1,1.0
qhaData/quiz-generator-api,5c2e72d9bfd5589b783091decc98276351adfc2ef61214c834647098bb6d7da7,exact_multifile_bundle,7,1,1.0
qhaData/quiz-generator-app,aa1913245bf0d5431a26adeedd137ef8cb31a6dd9159c85afefb225b36ca48f3,exact_multifile_bundle,7,1,1.0
qhaData/quiz-generator-pipeline,716f97c9613c73bf44d7a82cc276f2b15174af2c3f11e77493ab0691905f66a0,exact_multifile_bundle,7,1,1.0
rachapich/PISA-Teaching-Assistant-ChatBot-Guru,94615480812c7519b67072d0bfb3312e7fd87726e71e5541ef361b952522d6af,exact_multifile_bundle,2,1,1.0
raloul/brainybots-ai-powered-learning-companion,fa2c5c0a47eccd2dc5bc37c5dc5dce2eb31afe8c65c3e1f0bded22378456df64,exact_multifile_bundle,6,1,1.0
ramashandoubeh/Education-chatbot,unique:ramashandoubeh/Education-chatbot,insufficient_files_for_clustering,1,1,1.0
ramusakthivel17/educational-rag-chatbot,5a09436b16fdc1aa3090ea059ec436534aca2e3e23c70c8262e494b308946e05,exact_multifile_bundle,6,1,1.0
rcventura108000/Sophia-Ai-english-tutor,32d92b2160ab7228aa3c8fa9acbddb2184d05eeca5834da20149f4825c4eabcb,exact_multifile_bundle,7,1,1.0
rexiy/study_assistant,7b4fcaf747a50283c052796e9e26e16909eb036f82406e00e55cc92e114528da,exact_multifile_bundle,2,1,1.0
rgos20000/Quiz_Generator,a3967db97a0ead11b18a65ce06e92dded27ef112334a8bbdf3d37fd8f772af2a,exact_multifile_bundle,2,1,1.0
ridgebradley888/Smart-AI-Tutor-APP,67f240741b32cd385f881dd4a6a1aca6bc525a169794ce54b29ede458a3df029,exact_multifile_bundle,2,1,1.0
rishitha-reddy-8/AITutor,unique:rishitha-reddy-8/AITutor,insufficient_files_for_clustering,1,1,1.0
ritendub/aitutor-chatbot,unique:ritendub/aitutor-chatbot,insufficient_files_for_clustering,1,1,1.0
rk803/Data_Science_Tutor_Ai,874ef671038875b30d15da08d813be68a5b943812eab2a5d26a9e6592fc873c6,exact_multifile_bundle,2,1,1.0
rohithnagidi12/studyAssistant,unique:rohithnagidi12/studyAssistant,insufficient_files_for_clustering,1,1,1.0
roshandakhore2003/nuron-teaching-assistant,890c330212358550fdafccb37b72f0dc320e8e5457571f674f7674e1638c8965,exact_multifile_bundle,2,1,1.0
roxqtang/ai-teaching-assistant,2d701320210079682526cc36f23ba84ff3965d63be41d435f12512140c090b94,exact_multifile_bundle,8,2,0.5
rugvedaa/Ai-tutorApp,71cb21b543a3973efa4a0c8a94b8d987382a5fe2184472e0286274f4349bba67,exact_multifile_bundle,9,1,1.0
s1313/Quiz_Generator,c106b067f5e3409a82cc4598f5c14ff5c0b623d5c0752e67a0ead5c9477e826f,exact_multifile_bundle,2,1,1.0
sabahat-shakeel/study-assistant,b1763d19f1aa7e0c75adf7d85adee46e50f085c40a7e9d8009fe0119f5503ebd,exact_multifile_bundle,2,1,1.0
sabrineoueslati/quiz-generator,28aff9ea8d82655e72376a4eeac03db13bb50c91fda584dcada2be89acbd8f97,exact_multifile_bundle,2,1,1.0
sachi2004/ai-study-assistant,0ec1477ff74abdc82f55212541c5b3291934e9e14cc19b6d4d4d30f7283b3f46,exact_multifile_bundle,2,1,1.0
sagarvc420/Educational_LLM_Chatbot,23a7cf3c5fab8183f5fc606c1f3227703322a99eeaf9ca06c85d1f78d0a0536b,exact_multifile_bundle,2,1,1.0
saicharantej/aitutor,abcb5be4f2f9f0f233f3322e4563c18b2cc21b814d980d8a6827aeb913a0f83e,exact_multifile_bundle,2,1,1.0
saikumar27/AI_Powered_Data_Science_Tutor,933ce8061d1a764ca447f994d78ce3d28764bfbe8f19061ac4b64a211af79609,exact_multifile_bundle,2,1,1.0
saimahashmi/ai-study-assistant,8e20a8893c86d9122d7fd258ffce8fb80282259917a72f4b9f7a29b10311c7ef,exact_multifile_bundle,2,1,1.0
sairaarif89/AITutor,b914b46a4c9ceba88bfd3a73bca5eef8f13d9bb777901c8396de8651e32b2db8,exact_multifile_bundle,2,1,1.0
salsh093/SEG_StudyAssistant,be9775c94facf7bd877f7fa6a426bcef92da1cce0836b6d55ae0c2a8999fb194,exact_multifile_bundle,4,1,1.0
samadjunejo/ai_study_assistant,2a80340faae9d90800a63c9675bce920c83160d80c258211fcc6d71d08b9c525,exact_multifile_bundle,2,1,1.0
samakanishkareddy/AI_TUTOR,2e824f4b5e38de1b9b11d59356e246c0734ec9af3d72c1ebdf37059cccb6b127,exact_multifile_bundle,2,2,0.5
sameekghosh/ai-python-teaching-assistant,ecae98254f13c59c790a359fffca6f88bc3b6de3cf601d9e1114f0da4f586ee4,exact_multifile_bundle,2,1,1.0
samekbotfactorycz/aitutor,b7f5674dc26b8f8ceb30b8e1acc6c22149b224cbb12109458f7f85a0e2399fe7,exact_multifile_bundle,2,1,1.0
sanakousar/AI_TUTOR,c1197c3bb26bcec3a45faba4c39c47097f8d1b38152cfd628163b75f88f6703d,exact_multifile_bundle,2,1,1.0
sanakousar/ai-tutor,unique:sanakousar/ai-tutor,insufficient_files_for_clustering,1,1,1.0
sanakousar/ai.tutor,unique:sanakousar/ai.tutor,insufficient_files_for_clustering,1,1,1.0
sanavinarkhede/StudyAssistant,unique:sanavinarkhede/StudyAssistant,insufficient_files_for_clustering,1,1,1.0
sanchezpaez/speech_to_text_to_speech_language_tutor,4fd5799ec03f640abd409b2caf214258fec64557641bf3836f4634b17317808d,exact_multifile_bundle,2,1,1.0
sandariyogitha/AI_TUTOR,c988100a011274ab9499d06c2ddfe829e0d3eb595073cf81b134d95f2b0b853c,exact_multifile_bundle,2,3,0.3333333333333333
sangareddijaswanth/study_assistant,b0bb5ea71745f02fd84882d136879b606cbb8346551cc7919376f88fc7f2489e,exact_multifile_bundle,2,1,1.0
sanjana033/my-study-assistant,16fdf14f38663432469dfa6e52fad7baccffa37de187c90f1ebbe88b668b5663,exact_multifile_bundle,2,1,1.0
sanju56575657/my-study-assistant,unique:sanju56575657/my-study-assistant,insufficient_files_for_clustering,1,1,1.0
sanketh2334/biology_ai_tutor,a7df23c66f9102619358bafdecd2825e1bc06c8dc020e8d1f2c49321dae65b3f,exact_multifile_bundle,2,1,1.0
santhoshi-123/AITUTOR,07f44aa9019eb827f4bdeef3112eace3508deb4e71c65aba35b9c3179e7e47c9,exact_multifile_bundle,2,2,0.5
santosh7/AI_converstion_Data_Science_Tutor,205a93ea134e843e1717c4880fabe8afa9bcb5372a751b7824825b33a0cec0af,exact_multifile_bundle,2,1,1.0
saraHamza/Engli-Tutor-Chatbot,5b8f451da4fad8f80b2c10811d0896e20527fcea622bf618ca25799baa9bfafe,exact_multifile_bundle,7,1,1.0
sarankumark/StudyAssistant,unique:sarankumark/StudyAssistant,insufficient_files_for_clustering,1,1,1.0
saru21/study_assistant,056c5b187c15a9a73ce2318e7d2e8e8dce321293ca4722c3273f944857bb4ddb,exact_multifile_bundle,2,1,1.0
satvik452007/Study_assistant,6a244f03787171154027311406013fd297bb9798bd96a0dea383d53f7019a65a,exact_multifile_bundle,2,1,1.0
sewusida/statistics_study_assistant,61ebf5a4920324b6932fa59f888c069daf2002ef7347d6d86bf0f9c1a0d996a2,exact_multifile_bundle,2,1,1.0
shaheerawan3/AI-Teaching-Assistant,440f4698fcb393d3170456ecd2f78924444e1f6d51e7df2547fad08557954a21,exact_multifile_bundle,4,1,1.0
shahzaib41202/AI_ML_Tutor,1dae7adad66371fde9a2c127805c28fffa38ab95011be7018998ea8e72c8f438,exact_multifile_bundle,2,1,1.0
shankar-dev24/StudyAssistant,6124ff98440d0d1e758408138a58df53f0e59ba3e23d0b976942885424175e08,exact_multifile_bundle,3,1,1.0
shawarnaditya121/ai-teaching-assistant,8339aa4b6bcd6b5760e98fdc6b5f5583987462223dd29da97a862b479e9e266f,exact_multifile_bundle,3,1,1.0
shb59na/ai-study-tutor,cc86b7832cdc28f3aa70ade0553896b27b4efe27e3154d9efc9b7bc46a635fbd,exact_multifile_bundle,6,1,1.0
sheraz00/ai-teaching-assistant,97634fd69b5ac3e003a5d90c07f660b411e4de1933a71d6f39a0e060ba3ceae6,exact_multifile_bundle,8,1,1.0
shikhahaljmili/ai-quiz-generator,44951aed27c3e6278be5da7eaa4d8a9118ab1f1497fa02e3b75aa7ce60469838,exact_multifile_bundle,2,1,1.0
shirosh/ai-tutor,b564bfcfcc08f7e1faff63d4ee0064da9c5da8d753fea4fef2a9312a6c40942c,exact_multifile_bundle,2,1,1.0
shivasai02/StudyAssistant,f59d96a9152ba6eeb805acb9f3770aed418cb0cbec9e3a25752e8059e1670399,exact_multifile_bundle,2,1,1.0
shroukelnagdy/quiz-generator,c1aed922cb1135ab87c4bedfa6e314b37aaa21a1e2624404cba1dcc1b5286433,exact_multifile_bundle,3,1,1.0
shukdevdatta123/Language-Learning-Companion,1f42e971e44b30695ef617af56f2dff40fab361d93f17d565e992162a6c42084,exact_multifile_bundle,2,1,1.0
shukdevdatta123/Smart-AI-Tutor-APP,77b82d1f2008894f97de6909c3978294fa5d80053dc910dc7717f0a74db03e63,exact_multifile_bundle,2,1,1.0
shuklavartika/AI_Study_Assistant,f572d1da7e795f63969aa8ac9f5e8d558bd8f84ce4b8f9b16ed0c476bce2d99a,exact_multifile_bundle,8,1,1.0
siphiwesibisi/quiz-and-study-guide-generator,09ff4dd10652b7b8ef80b006034adac2b340b2c16d677b1df396a91b73dc0119,exact_multifile_bundle,2,1,1.0
siphiwesibisi/quiz-generator,d85d6134d07d99c16d1968e0865514a33947dc12da98985982ae7adca157c987,exact_multifile_bundle,2,1,1.0
siriItis/pdf-study-assistant,eb36525cd31075dd010feafd16c1858138e19552818317cf18199400c97933ea,exact_multifile_bundle,7,1,1.0
sk-12/EDUBUDDY-AI-TUTOR,aadaa67646773791b8205eed275a008aca42a46233cfde89a2fc0699cbf9f027,exact_multifile_bundle,2,1,1.0
smartteacher2026/aitutor,unique:smartteacher2026/aitutor,insufficient_files_for_clustering,1,1,1.0
sravani30/AI_QUIZ_GENERATOR,73dae8a2e89a805a52e97cf124ff2c7eebf26d7000bd570d9040905d2dc7ad64,exact_multifile_bundle,3,1,1.0
sreejamanthena/StudyAssistant,5a04d5f17cd36eaabd6a5fe70c4dc27ea82e9fa1ca798b5268147d7e9f7d7b9c,exact_multifile_bundle,3,1,1.0
sreenivasulaReddy/StudyAssistant,9b61362f3ae752378df7dec0e29aadfa414a416f36b7643dc1433f288cf7aba7,exact_multifile_bundle,2,1,1.0
srinivas25046/ai-study-assistant,17118afb992ad75a97731b503b22c9a24867a0d9047854a3ac418a29919ea9ea,exact_multifile_bundle,2,1,1.0
starkbyte45896/Quiz_Generator,0542193fb9e5d5e000d7baf050c6434b1eca5356e89b6723a96dad8b3367d62e,exact_multifile_bundle,2,1,1.0
subhalakshmia06/studyassistant,unique:subhalakshmia06/studyassistant,insufficient_files_for_clustering,1,1,1.0
sudeepthitellapally/AITutor,07f44aa9019eb827f4bdeef3112eace3508deb4e71c65aba35b9c3179e7e47c9,exact_multifile_bundle,2,2,0.5
sudipta26889/Quiz-Generator,fea889d1e4d359bb6d36c6eef79f7c572b25caf32f94d739b3b307e0e20e06ce,exact_multifile_bundle,5,1,1.0
sujalsharma008/studyassistant,unique:sujalsharma008/studyassistant,insufficient_files_for_clustering,1,1,1.0
sultan-hassan/adaptive_language_tutor,fb41d42878291abc3ea02926c5a77b042e7a9901e27a2d9d16e3cd83b95fdeff,exact_multifile_bundle,2,1,1.0
swaroopkola/study-assistant,unique:swaroopkola/study-assistant,insufficient_files_for_clustering,1,1,1.0
tanmayhadke/socratic-ml-tutor,ec08a6c0601a45f4642c8eea1a87432daead73a747f476cd49eb68b7b1d23394,exact_multifile_bundle,2,1,1.0
tariqm603/study-assistant,2126166ad05351802cdd24e6095bc83314faea2d4f8a187cbca61c7816f9cc4f,exact_multifile_bundle,2,1,1.0
tarunkanugu/study_Assistant,93387fcccd3028f7ee95439724554d07dd11eb61a1d3998fa245fba2a7155c0f,exact_multifile_bundle,3,1,1.0
tayy786/Ai_Tutor_App,44dcd51bfa92d1216a809742cc898eb196831244e156d28549fa13d157eba91c,exact_multifile_bundle,2,1,1.0
tburr/Clinical-Education-Chatbot,1b3d2cb68f66b72e2d4fe191104fa6e41df44660634e8c76757dd966b5fd4556,exact_multifile_bundle,2,1,1.0
tejuu23/ai-tutor,unique:tejuu23/ai-tutor,insufficient_files_for_clustering,1,1,1.0
tfitzge134/gemini-learning-companion,13af9c546fdc0d3ddea3e7503e9c44bf49a40def69d0b37d59d1ef450d1588d2,exact_multifile_bundle,2,1,1.0
thabassum9/ai_tutor,f38db7888b8739b5f77b5624ae3245ce3e7e7073fd1b8f846e1f2b53651c0044,exact_multifile_bundle,2,1,1.0
theSriram/StudyAssistant,10ae1eba74e6e148ff085deadfd55e31cd15347d36f86de6922aaa584c0397b7,exact_multifile_bundle,3,1,1.0
thilak1/RAG-BASED-AI-TEACHING-ASSISTANT,d2dae8b1f919797e0411fa3ffbbb792f7ec5d5c93b275edc6db8deb16d577cc3,exact_multifile_bundle,2,1,1.0
tobydane/lessoncraft-pro-adaptive-lesson-plan-generator,unique:tobydane/lessoncraft-pro-adaptive-lesson-plan-generator,insufficient_files_for_clustering,1,1,1.0
tomasanbw/hangul-heroine-korean-learning-companion,46e402c76c13a35ae652d4d900b6c2c255244022ac70c4832e49c042a59665cd,exact_multifile_bundle,4,1,1.0
tools4ds/ai_tutor,74d185a2b1291587fd801d3ab391e7ae9fba561eaefac6d47351494a80194381,exact_multifile_bundle,2,1,1.0
towardsai-tutors/ai-tutor-chatbot,ed849ea3c027d224b032bbc0952ba98b92cfd7fb56ab0c5d7b66d156fdbd509d,exact_multifile_bundle,6,1,1.0
tyapab/ai-study-assistant,unique:tyapab/ai-study-assistant,insufficient_files_for_clustering,1,1,1.0
uc-msai631-2025-spring/group2_study_assistant,78f7d9624071228f2d57eb2e9c80f8fcc538d065630d82707d411117c71e7fde,exact_multifile_bundle,2,5,0.2
umerforsure/AI-Study-Assistant,7c0a4d2e08a499870feaa9b761787a1b843bfef8b6cc2c75fee0b14dc00912af,exact_multifile_bundle,2,1,1.0
varshiniemmadi/ai_tutor,unique:varshiniemmadi/ai_tutor,insufficient_files_for_clustering,1,1,1.0
varun7lucky/StudyAssistant,unique:varun7lucky/StudyAssistant,insufficient_files_for_clustering,1,1,1.0
vidbha214/ai-course-generator,30d67beec6d7caf950c56c98ad48558788063c4f3fcfcc631111f2a99228cc7d,exact_multifile_bundle,7,1,1.0
vijayarayapati/student-study-assistant,f6f4017e27a6b42669ebc2273ad388978f47d4363f4704810806a708bf78e466,exact_multifile_bundle,9,1,1.0
vinitwaghmare/ai-study-assistant,10580e2fe832bf53c9aea0c4c50a41657b486b14a7422111bcc92a1d186c3514,exact_multifile_bundle,2,1,1.0
vinitwaghmare/bilingual-ai-study-assistant,8f19273cf0685bdec676a10ae4bd4bb23c3c50b3e100f9ada6e16fa1353d2bca,exact_multifile_bundle,2,1,1.0
vipin1143/eva-teaching-assistant,84d0cf114f3c6b0fe81ed9f6100de660fdb7f157dd6461ce81a1aba70ced11df,exact_multifile_bundle,9,1,1.0
viraja1/AI-Quiz-Generator,74f57ba2d218aa8fe4468270696cf21173df762621856dbbd70e59d303867dc6,exact_multifile_bundle,2,2,0.5
vishalraaj1/AI-STUDY_ASSISTANT,858cec35c13dddbfb2831a4f37425320ab070cd8d50bf58707a26ba8991dd957,exact_multifile_bundle,2,1,1.0
vivicake666/math-tutor-chatbot,2ce5a0ff6336aaa1813b02a0d0b3b54b6d3cba5451682e6d6ad3c19ac801c94e,exact_multifile_bundle,2,1,1.0
vmanash/eonic-learning-companion,444c09354a17666d0cfc101e06cd998ff0c43cc292c9c891f78d5f35c0dc9b15,exact_multifile_bundle,9,1,1.0
vornit/educational-data-ai-dashboard,7409c6070a2b70237c344057dbbb3468f08b6a874b1dd8c1683211cb4123707b,exact_multifile_bundle,4,1,1.0
wajahatkhan/AI_tutor,bfd0efdfe18e512e5c90f54f3a572c59dc0bfe7cf73b60f664d2f3d59d45a21d,exact_multifile_bundle,2,1,1.0
wangzy217/Teaching_Assistant,23fe58352b3e1d311f8cc50a17ea1b2fd86ceb15f12a75181adf434454efc4d4,exact_multifile_bundle,2,4,0.25
wimida/socratic-tutor-bot,unique:wimida/socratic-tutor-bot,insufficient_files_for_clustering,1,1,1.0
windsoldier/ai-teaching-assistant,78c24884be60fbfa2ed31d2200295160068204ecaa5d2730b7b7d8aa8e5f140c,exact_multifile_bundle,2,1,1.0
wupeiwen2001/reachy-mini-language-tutor,45131d5e8cd8beeeab8698a9272b1a1780d3fbf5bac1d8b9945060cb32e8a707,exact_multifile_bundle,8,1,1.0
yadavnirmal002/CBSE10-AI-Tutor,91a7bc4cab477c7206fef9c3dbb7fac5e8a0e49ffb3e8d343f0b35f0e07511f3,exact_multifile_bundle,2,1,1.0
yahiaxc/smartstudy-buddy-your-ai-powered-study-assistant,4bbffdc96a473adcd4e4893d70e0016e5dadb77fbf26b1d72e6e50a7f24e800d,exact_multifile_bundle,2,1,1.0
yasvanthkumar/quiz-video-generator,334773faf3637245adb3a6fdee739d90dfadec34f05a85d2320801a9d196a9d7,exact_multifile_bundle,3,1,1.0
yiyiyi999/ai-tutor-classroom,de3235c1910d19a2cbdc9b251e614aefee1881adef099f4f393b0189bd81c067,exact_multifile_bundle,4,1,1.0
ymubarak/educational-tutor-chatbot,unique:ymubarak/educational-tutor-chatbot,insufficient_files_for_clustering,1,1,1.0
younesALEM/eduzy-ai-learning-companion-for-algeria,82178f542c87ae9742dd83b2ce4cd6caf54c5dffa491ca0e1c9105248d468c52,exact_multifile_bundle,7,1,1.0
yuringgg/thinkfirst-mindful-learning-companion,unique:yuringgg/thinkfirst-mindful-learning-companion,insufficient_files_for_clustering,1,1,1.0
yuvabe-ai/AI-Tutor,5124e0d90d7effb17a4ff50efe67932fb9ca3ef7dd5378e78aa117f3326616ed,exact_multifile_bundle,3,1,1.0
zaini1234/pdf-quiz-generator,1b256ae03b7f7a9a683748e1c48ca58a8d9692176be1643091d8aca7ef41d832,exact_multifile_bundle,3,1,1.0
zara65724/AI-Vocabulary-Tutor,e5ad20cfb5374cfe1ed5d29818744a0fb676c2f99f7ef1bfb90294cf3821eeca,exact_multifile_bundle,2,1,1.0
zayn1116/studybuddyai-the-ultimate-learning-companion,unique:zayn1116/studybuddyai-the-ultimate-learning-companion,insufficient_files_for_clustering,1,1,1.0
zizo66/AI-Language-Tutor,460d89cb80a36bf84892321ee0613f3203e6e86c12c9e305c69ea0273786180c,exact_multifile_bundle,2,1,1.0
