space_id,runtime_stage,disabled,last_modified,last_modified_age_days
10805j/aitutor,RUNTIME_ERROR,False,2025-05-31T02:43:31.000Z,456.8864467592593
13yashjadhav11/study_assistant,SLEEPING,False,2026-01-16T07:26:13.000Z,226.69012731481482
24-cka-ML/quiz-generator,RUNTIME_ERROR,False,2025-03-20T08:55:47.000Z,528.6279282407407
3atar/Study-assistant,RUNTIME_ERROR,False,2025-11-26T02:41:40.000Z,277.88773148148147
77skaul/edu-tutor-chatbot,SLEEPING,False,2026-02-04T11:41:26.000Z,207.51289351851852
aakashdevdat/Quiz_generator_1,CONFIG_ERROR,False,2025-05-11T05:11:52.000Z,476.78342592592594
Aasher/Flexx_Your_Homework_Assistant,RUNTIME_ERROR,False,2025-09-05T08:14:16.000Z,359.6567592592593
aazankhanYousafzai/Ai_Study_Assistant,RUNNING,False,2026-04-23T18:30:55.000Z,129.2285300925926
abai-cn/linux-teaching-assistant,SLEEPING,False,2026-06-26T02:00:36.000Z,65.91625
Abdalaziz2026/Syria-ai-tutor,SLEEPING,False,2026-06-03T23:24:49.000Z,88.02443287037038
Abde1ra7man/Quiz_Generator,SLEEPING,False,2026-04-23T14:28:49.000Z,129.3966550925926
Abdelrahman04/egyptian-educational-chatbot-demo,RUNTIME_ERROR,False,2025-12-16T07:07:29.000Z,257.70313657407405
abdullahkhankakar/quiz-generator,SLEEPING,False,2026-07-28T19:38:36.000Z,33.18152777777778
abhey-patel/quiz-generator-space,SLEEPING,False,2025-09-03T12:47:49.000Z,361.4667939814815
Abhinaychatla/language_voice_tutor,RUNTIME_ERROR,False,2026-06-21T17:08:03.000Z,70.28607638888889
AbhiReddy1/AI_datascince_Tutor,SLEEPING,False,2025-03-21T09:54:45.000Z,527.5869791666667
ABRB0917/StudyAssistant,SLEEPING,False,2026-06-18T14:14:45.000Z,73.40642361111111
abubakaraabi786/programming-tutor-chatbot,SLEEPING,False,2025-12-20T13:53:18.000Z,253.42131944444444
Achyutar/Engross-Educational-AI,SLEEPING,False,2025-02-17T16:28:55.000Z,559.3132523148148
adil1598/edubot-ai-latex-learning-companion,RUNNING,False,2025-10-26T10:49:43.000Z,308.54880787037035
Aditya1546/ai-study-assistant,RUNTIME_ERROR,False,2026-07-08T10:55:32.000Z,53.54476851851852
AdityaKokate/StudyAssistant,SLEEPING,False,2026-07-30T14:45:02.000Z,31.38539351851852
adriiita/TeachingAssistant,BUILD_ERROR,False,2024-11-20T18:57:57.000Z,648.2097569444444
Agents-MCP-Hackathon/AI-Quiz-Generator,PAUSED,False,2025-06-07T10:29:52.000Z,449.5625925925926
Agents-MCP-Hackathon/AI-Tutor-and-Syllabus-Planner,SLEEPING,False,2025-08-27T15:21:35.000Z,368.36001157407406
Agents-MCP-Hackathon/AI_tutor,RUNTIME_ERROR,False,2025-06-10T22:34:10.000Z,446.05960648148147
ajmalllllllll/loksewaai-pal-your-study-buddy-assistant,RUNNING,False,2025-10-26T06:23:31.000Z,308.73366898148146
Akash035/my_study_assistant,RUNTIME_ERROR,False,2026-03-07T10:33:41.000Z,176.55994212962963
akhileshjethi/Study-assistant-ai,RUNTIME_ERROR,False,2025-09-30T06:31:52.000Z,334.7278703703704
akshay0149/TeachingAssistant,SLEEPING,False,2026-07-04T08:18:38.000Z,57.65372685185185
Aleesha29/socratic_tutor,SLEEPING,False,2026-05-09T11:54:56.000Z,113.50351851851852
alusinebarrie/ai-teaching-assistant,SLEEPING,False,2024-07-20T20:21:28.000Z,771.1517592592593
alusinebarrie/your-ai-teaching-assistant,SLEEPING,False,2024-07-22T10:32:31.000Z,769.5607523148149
amalrajmp/StudyAssistant,SLEEPING,False,2026-08-17T05:36:26.000Z,13.76636574074074
aman7935/Quiz_generator,SLEEPING,False,2025-11-04T09:02:26.000Z,299.6233101851852
AneelaFatima/AI_Friendly_Study_Tutor,SLEEPING,False,2025-08-21T06:05:19.000Z,374.74630787037034
Anil3920/StudyAssistant,RUNNING,False,2026-07-31T06:46:24.000Z,30.717777777777776
Anilkumar12/StudyAssistant,RUNTIME_ERROR,False,2026-07-31T06:30:35.000Z,30.728761574074074
anir-1995/AI_Quiz_Generator,SLEEPING,False,2026-03-06T11:54:30.000Z,177.50381944444445
AnishaG0201/maths_quiz_generator,BUILD_ERROR,False,2024-05-31T12:45:56.000Z,821.4681018518519
ankittumu/Ace-Study-Assistant,RUNTIME_ERROR,False,2025-09-25T20:09:07.000Z,339.16033564814813
Anmol2006/AI_Study_Assistant,SLEEPING,False,2026-02-09T11:36:32.000Z,202.5162962962963
antedotee/teachingAssistant,SLEEPING,False,2024-02-23T18:29:22.000Z,919.2296064814815
Anupam251272/Education-Chatbot-Anupam,BUILD_ERROR,False,2025-01-24T14:03:29.000Z,583.4142476851852
Apoorvahu/my-study-assistant,SLEEPING,False,2026-07-04T03:40:23.000Z,57.84695601851852
appcreator199/studyassistant,RUNTIME_ERROR,False,2025-06-19T03:00:05.000Z,437.87494212962963
Archimagos/ai_tutor,SLEEPING,False,2024-11-25T12:55:04.000Z,643.4617592592592
Archimagos/ai_tutor_3.2,SLEEPING,False,2024-11-25T19:16:52.000Z,643.1966203703704
arjunjuneja/socratic-tutor,SLEEPING,False,2026-04-08T20:01:36.000Z,144.16555555555556
arjunnnnn0720/StudyAssistant,RUNTIME_ERROR,False,2026-08-24T11:24:32.000Z,6.524629629629629
arkiitkgp/AITutor,RUNTIME_ERROR,False,2024-02-08T02:29:09.000Z,934.8964236111111
Arko3910/Study_Assistant,SLEEPING,False,2025-11-29T16:06:08.000Z,274.3290740740741
Armour-12/Quiz-generator-t5base,SLEEPING,False,2026-03-12T10:41:33.000Z,171.55447916666665
Armour-12/Quiz_Generator,BUILD_ERROR,False,2024-03-14T08:16:11.000Z,899.6554282407408
ARNABMAJI1234/interactive-study-assistant-demo,RUNTIME_ERROR,False,2026-08-01T14:19:36.000Z,29.403055555555557
arsalan16/Quiz-Generator-App,BUILD_ERROR,False,2024-12-16T18:07:26.000Z,622.244837962963
Artykun/Ai-Quiz-Generator,SLEEPING,False,2026-05-11T15:20:28.000Z,111.36078703703704
arumugam-rockstar/Myfirst-AITutor,PAUSED,False,2026-08-03T11:41:21.000Z,27.51295138888889
asad9641/AI-Study-Assistant-Ragbase,SLEEPING,False,2025-11-18T17:42:21.000Z,285.26225694444446
Ashwand5/AI_Educational_Assistant,RUNTIME_ERROR,False,2025-09-03T10:28:21.000Z,361.56364583333334
Asif1karim/Study_Assistant,SLEEPING,False,2025-08-04T07:58:00.000Z,391.66805555555555
aviatrix/Ai_Powered_Study_Assistant,RUNTIME_ERROR,False,2026-07-11T08:22:14.000Z,50.65122685185185
Axiosingular/ai-tutor,RUNNING,False,2026-07-13T15:30:27.000Z,48.353854166666665
ay3shaa/ai-study-assistant,RUNTIME_ERROR,False,2025-07-23T11:31:24.000Z,403.5198611111111
AyeshaMasood/quiz-generator,SLEEPING,False,2025-04-15T08:23:46.000Z,502.65016203703703
ayudellastuti/rag-quiz-generator,SLEEPING,False,2026-06-28T12:03:23.000Z,63.497650462962966
ayushsainime/socratic_maths_tutor.ai,SLEEPING,False,2026-04-10T10:43:48.000Z,142.55291666666668
BadaPoojitha/StudyAssistant,SLEEPING,False,2026-07-04T17:25:30.000Z,57.27395833333333
Bahauddin01/language-tutor-ai,RUNTIME_ERROR,False,2026-04-20T11:42:28.000Z,132.51217592592593
Belliar666/english-tutor-chatbot,SLEEPING,False,2025-10-11T17:28:58.000Z,323.2715509259259
Bhargavi-31/Ai_tutor,SLEEPING,False,2026-07-06T13:12:36.000Z,55.44958333333334
bhaskarreddy2006/my-study-assistant,RUNTIME_ERROR,False,2026-08-05T09:48:15.000Z,25.591493055555556
Bhuvana908/StudyAssistant,SLEEPING,False,2026-08-02T06:34:06.000Z,28.726319444444446
bielik-chatbot-devteam/english_tutor_bielik_ai,SLEEPING,False,2026-01-21T01:02:02.000Z,221.9569212962963
bimboawo2026/AI-Tutor,SLEEPING,False,2026-08-26T18:13:04.000Z,4.240925925925926
bobo0000/PDF-Quiz-Generator,RUNTIME_ERROR,False,2025-06-11T20:29:19.000Z,445.1463078703704
Boyston/reachy_mini_language_tutor,RUNNING,False,2026-05-11T16:04:39.000Z,111.33010416666667
brcew/ai-engineering-tutor,SLEEPING,False,2026-06-21T09:09:48.000Z,70.61819444444444
BRH-Burhanudin/kimia-ai-tutor,SLEEPING,False,2026-06-24T07:56:10.000Z,67.6693287037037
Brisha124/AI_TUTOR,RUNTIME_ERROR,False,2026-07-03T10:02:32.000Z,58.58157407407408
build-small-hackathon/tutordesk-ai,RUNNING,False,2026-06-15T19:01:56.000Z,76.20699074074074
BUNNY95R/AI_study_assistant,SLEEPING,False,2026-08-17T12:30:55.000Z,13.478530092592592
chandanareddy1234/AITutor,SLEEPING,False,2026-07-03T09:27:23.000Z,58.60598379629629
ChandiniSiri/AI_TUTOR,SLEEPING,False,2026-07-02T09:55:42.000Z,59.58631944444444
chandrakireeti/StudyAssistant,SLEEPING,False,2026-07-13T17:09:36.000Z,48.285
chapeljj/PISA-Teaching-Assistant-Chatbot,SLEEPING,False,2025-09-12T03:38:07.000Z,352.84853009259257
Charan-27-10/AI_TUTOR,SLEEPING,False,2026-07-01T16:25:05.000Z,60.31591435185185
cheriftassii/my-ai-tutor,RUNTIME_ERROR,False,2025-03-24T22:50:51.000Z,524.0480208333333
Chidvilash3/socratic-tutor,SLEEPING,False,2026-06-28T11:50:07.000Z,63.50686342592593
chsubhasis/AI_Tutor,BUILD_ERROR,False,2024-11-28T06:13:30.000Z,640.740625
cipher2150/Study-Assistant,RUNTIME_ERROR,False,2026-04-14T04:48:06.000Z,138.79993055555556
clugg25/cluggos-ai-quiz-generator,RUNTIME_ERROR,False,2025-11-29T16:17:36.000Z,274.3211111111111
CodeDiva42/study-assistant,PAUSED,False,2026-07-09T12:49:43.000Z,52.46547453703704
codewithchaitanya15/StudyAssistant,RUNTIME_ERROR,False,2026-07-23T18:23:58.000Z,38.23335648148148
cosmoEagle/DSA-Teaching-Assistant,RUNNING,False,2025-07-09T07:32:54.000Z,417.6854861111111
crystallizedcrust/quiz-generator,RUNTIME_ERROR,False,2025-10-13T15:03:45.000Z,321.3723958333333
CT-AITUTOR/AITUTOR,SLEEPING,False,2025-03-18T04:20:58.000Z,530.8187731481481
curalearning/lesson_plan_generator,SLEEPING,False,2025-06-18T03:51:25.000Z,438.8392939814815
Cyfer-ap/AI-Coding-Tutor,SLEEPING,False,2025-05-23T11:19:04.000Z,464.52842592592594
DakshSadotra/my-study-assistant,SLEEPING,False,2026-04-25T19:40:20.000Z,127.18032407407408
danielspba/Chatbot-Tutor-IA,RUNTIME_ERROR,False,2025-04-24T13:25:59.000Z,493.44028935185185
danielspba/Chatbot_prof_tutor,BUILD_ERROR,False,2025-04-23T18:23:07.000Z,494.23394675925925
Danny2311/Quiz-Generator,SLEEPING,False,2026-03-03T16:14:24.000Z,180.32333333333332
danrdoran/ai_tutor_flan_base,SLEEPING,False,2024-10-14T18:36:43.000Z,685.2245023148148
danrdoran/ai_tutor_flan_t5_large,SLEEPING,False,2024-10-16T15:00:22.000Z,683.3747453703704
danrdoran/ai_tutor_gpt_neox,RUNTIME_ERROR,False,2024-10-14T18:24:35.000Z,685.2329282407408
danrdoran/ai_tutor_llama,SLEEPING,False,2024-10-16T14:17:23.000Z,683.4045949074074
danrdoran/ai_tutor_v2,BUILD_ERROR,False,2024-10-11T19:30:21.000Z,688.1872569444445
DataRebels/chatbot_language_tutor,SLEEPING,False,2024-07-07T20:50:17.000Z,784.1317476851851
DataWizard9742/LessonPlanGenerator,SLEEPING,False,2023-06-09T06:59:44.000Z,1178.7085185185185
david280010195/Teaching_Assistant_AI,BUILD_ERROR,False,2024-12-09T20:42:32.000Z,629.1371296296296
deepang1902/quiz-generator-api,SLEEPING,False,2025-11-08T16:29:10.000Z,295.3130787037037
DeepLearningAI/quiz-generator-v3,SLEEPING,False,2026-03-02T01:08:04.000Z,181.9527314814815
deepthi8518/StudyAssistantApp,RUNTIME_ERROR,False,2025-10-31T09:12:31.000Z,303.61630787037035
deneve07/pharma-quiz-generator,SLEEPING,False,2026-06-17T06:24:48.000Z,74.73277777777778
dhanushshenoyh/study_assistant,PAUSED,False,2026-05-10T12:15:51.000Z,112.48899305555555
DheerajKausik/RAG_BASED_AI_TEACHING_ASSISTANT,BUILD_ERROR,False,2025-10-10T14:06:48.000Z,324.41194444444443
dhivakar/my-study-assistant,SLEEPING,False,2026-07-21T11:21:02.000Z,40.527060185185185
Diid12rt/AITUTOR,RUNTIME_ERROR,False,2025-05-31T02:44:00.000Z,456.8861111111111
dikshita0503/pdf-to-quiz-generator,RUNTIME_ERROR,False,2026-03-25T02:45:22.000Z,158.88516203703705
dineshstark7/StudyAssistant,RUNNING,False,2026-07-20T18:33:32.000Z,41.226712962962964
dinu143/Study-Assistant,SLEEPING,False,2026-07-05T08:17:05.000Z,56.65480324074074
DipakBundheliya/flask_ai_tutor,RUNTIME_ERROR,False,2024-06-26T11:13:28.000Z,795.5323148148149
djaber15/ai_tutor,RUNTIME_ERROR,False,2024-07-05T20:44:47.000Z,786.1355671296296
DoctorHolly/BIO_Tutor_Chatbot,BUILD_ERROR,False,2025-04-12T17:30:11.000Z,505.2707060185185
doudoug1/educational-chatbot,BUILD_ERROR,False,2025-03-20T04:03:39.000Z,528.8307986111112
DroolingPanda/teachingAssistant,RUNTIME_ERROR,False,2025-10-06T01:25:09.000Z,328.94086805555554
echarif/education_chatbot,SLEEPING,False,2025-07-01T09:46:45.000Z,425.59253472222224
educationAI/education-ai-study-assistant,SLEEPING,False,2025-09-03T12:55:53.000Z,361.46119212962964
Ehtisham-84/Study-Assistant,RUNTIME_ERROR,False,2025-11-22T17:49:34.000Z,281.25724537037036
ekantabanik/Tutor_Ai,RUNTIME_ERROR,False,2026-07-21T10:35:15.000Z,40.55885416666667
ekerin/german-tutor-chatbot,RUNTIME_ERROR,False,2025-09-02T13:46:25.000Z,362.42609953703703
ekerin/german-tutor-chatbot-v2,RUNTIME_ERROR,False,2025-09-02T14:53:32.000Z,362.3794907407407
elsi29/Quiz-Generator-NLP,RUNTIME_ERROR,False,2026-06-27T13:36:26.000Z,64.43303240740741
elsi29/Quiz-Generator-TextPy,SLEEPING,False,2026-06-28T15:53:11.000Z,63.33806712962963
emanramadan/Tutor_Chatbot,RUNTIME_ERROR,False,2026-02-10T15:56:59.000Z,201.33542824074075
emanramadan/Tutor_Chatbot_,SLEEPING,False,2026-02-10T17:28:10.000Z,201.27210648148147
emashahzad/StudyAssistant,SLEEPING,False,2026-02-12T09:27:43.000Z,199.60575231481482
engrsalman/Educational-AI-Chatbot,BUILD_ERROR,False,2024-11-21T09:51:47.000Z,647.5890393518519
eoinmcg/ai_tutor,SLEEPING,False,2025-02-18T09:38:38.000Z,558.5981712962963
fabeha-raheel/ai_study_assistant,SLEEPING,False,2025-11-14T15:41:18.000Z,289.3463194444444
fahadsiddiqui337/AI-education-chatbot,SLEEPING,False,2025-02-24T10:05:50.000Z,552.5792824074074
Faiz3399/Ai-tutor-assistant,BUILD_ERROR,False,2025-02-24T09:11:24.000Z,552.6170833333333
Fatma033/Educational-Chatbot,SLEEPING,False,2025-10-15T11:39:46.000Z,319.5140509259259
fatymah12/AI_Quiz_Generator,SLEEPING,False,2026-04-10T10:59:01.000Z,142.54234953703704
Felrose/trisem-lesson-plan-generator,SLEEPING,False,2026-05-22T00:50:28.000Z,100.9649537037037
Felrose/trisem-lesson-plan-generator-ENGLISH-LINK2,PAUSED,False,2026-05-22T00:50:28.000Z,100.9649537037037
firobeid/AI_Tutor,BUILD_ERROR,False,2025-02-12T05:55:13.000Z,564.7533217592593
fizailyas783/smart-study-assistant,SLEEPING,False,2026-04-23T07:59:37.000Z,129.66693287037037
flexfitfury9/ai-educational-platform,RUNTIME_ERROR,False,2026-01-05T17:52:22.000Z,237.25530092592592
flexfitfury9/Ai_educational_platform,SLEEPING,False,2026-01-05T19:28:59.000Z,237.1882060185185
forWard666/AL_TEACHING_ASSISTANT,SLEEPING,False,2024-07-16T08:06:32.000Z,775.6621296296296
gaurav9821/AI-language-Tutor,SLEEPING,False,2026-01-31T06:11:54.000Z,211.74173611111112
geekaijosh/Agent_AI_Tutor,RUNTIME_ERROR,False,2025-06-24T03:12:03.000Z,432.86663194444446
Gimgaru/finalproject_aitutor,SLEEPING,False,2026-06-08T23:51:37.000Z,83.00582175925926
gneya/educational_chatbot,RUNTIME_ERROR,False,2024-05-29T09:11:36.000Z,823.6169444444445
gobikrishna87/TechBytz-AI-Tutor,SLEEPING,False,2026-06-22T13:06:19.000Z,69.45394675925925
GoIpKrIsHnA/studyAssistantAI,SLEEPING,False,2026-07-04T05:33:18.000Z,57.768541666666664
google/rad_learning_companion,RUNNING,False,2025-12-26T10:25:24.000Z,247.56569444444443
gopichand55k/StudyAssistant,RUNTIME_ERROR,False,2026-04-18T05:41:28.000Z,134.76287037037036
gouravbathla/Language_Tutor,SLEEPING,False,2026-06-05T09:53:46.000Z,86.58766203703703
gr3g0r-i/quiz-generator,RUNTIME_ERROR,False,2025-05-31T14:47:50.000Z,456.38344907407406
guddolla/ai.tutor,SLEEPING,False,2026-07-08T08:28:11.000Z,53.64709490740741
guddolla/AI_TUTOR,CONFIG_ERROR,False,2026-07-08T08:14:52.000Z,53.656342592592594
Gungz/quiz-generator-baidu-ernie,SLEEPING,False,2025-12-30T17:52:10.000Z,243.25543981481482
habiba-elshrkawy/quiz-generator,SLEEPING,False,2026-07-05T12:53:34.000Z,56.462800925925926
hackmisty123/hack-misty-ai-tutor,RUNTIME_ERROR,False,2026-06-19T01:03:31.000Z,72.9558912037037
Hafeezaqsa01/Quiz_generator,SLEEPING,False,2026-03-10T18:23:27.000Z,173.23371527777778
Hafsah-Fatima/Programming_Tutor_Chatbot,RUNTIME_ERROR,False,2025-12-25T15:49:29.000Z,248.34063657407407
Hafsah-Fatima/Programming_Tutor_Chatbot_0.2,SLEEPING,False,2025-12-25T19:05:06.000Z,248.20479166666667
haiderijaz/mock-quiz-generator,RUNTIME_ERROR,False,2025-07-23T19:33:27.000Z,403.1851041666667
Hardik2704/Teaching_Assistant,BUILD_ERROR,False,2024-12-18T05:34:25.000Z,620.7677662037037
Hareesh221/30-day-course-generator,RUNTIME_ERROR,False,2025-12-04T07:59:52.000Z,269.66675925925927
harika-donthula/my-study-assistant,SLEEPING,False,2026-07-04T20:28:28.000Z,57.146898148148146
Harika06/AI_TUTOR,SLEEPING,False,2026-07-03T09:40:10.000Z,58.59710648148148
harikagajjala/AI_TUTOR,SLEEPING,False,2026-07-06T09:50:39.000Z,55.58982638888889
Hariprasaadh/QuizGenerator,PAUSED,False,2024-12-23T08:47:20.000Z,615.6337962962963
HarryPotter1o1/Study_Assistant,SLEEPING,False,2025-07-30T12:02:25.000Z,396.4983217592593
harsha17v/StudyAssistant,RUNNING,False,2026-07-20T11:44:22.000Z,41.51085648148148
Harsha855/StudyAssistant,SLEEPING,False,2026-02-27T06:38:35.000Z,184.7232060185185
harshj0506/teachingAssistant,SLEEPING,False,2024-06-25T16:15:03.000Z,796.3228819444445
harshu07/ai_tutor,SLEEPING,False,2025-02-08T04:33:17.000Z,568.8102199074074
hasithmutha/quiz-generator-ai,BUILD_ERROR,False,2025-04-19T13:24:14.000Z,498.4415046296296
HemanthRaj/Socratic-AI-Tutor-Model,RUNTIME_ERROR,False,2025-06-30T15:44:19.000Z,426.34422453703706
HemanthRaj/socratic-tutor-embedder,SLEEPING,False,2025-07-13T17:35:11.000Z,413.2672337962963
HumeraAI/lesson-plan-generator,SLEEPING,False,2026-05-04T05:52:55.000Z,118.75491898148148
HumeraAI/quiz-generator-from-PDF,SLEEPING,False,2026-04-20T02:56:49.000Z,132.87721064814815
hussainzaidi/AI-Teaching-Assistant,SLEEPING,False,2025-09-22T08:58:15.000Z,342.62621527777776
husseinhug321/Study-Buddy-AI-Learning-Assistant,RUNNING,False,2025-04-01T03:20:32.000Z,516.8607407407408
hyder-ali/ai_tutor,SLEEPING,False,2024-12-27T14:07:12.000Z,611.4116666666666
iamyash222/studyAssistant,SLEEPING,False,2026-07-07T08:06:09.000Z,54.662395833333335
ifaundezf/estudiapp-quiz-generator,RUNTIME_ERROR,False,2025-04-30T01:44:42.000Z,487.9272916666667
iju123/Quiz_Generator,RUNTIME_ERROR,False,2025-08-25T07:14:10.000Z,370.6984953703704
ilangs/AI_Math_Tutor,SLEEPING,False,2026-03-14T03:58:07.000Z,169.8346412037037
ilsa15/educational_chatbot,SLEEPING,False,2025-07-11T20:18:08.000Z,415.15407407407406
Imsachinsingh00/education_chatbot,SLEEPING,False,2025-05-21T17:35:53.000Z,466.2667476851852
ishanmm0410/rag-quiz-generator,RUNTIME_ERROR,False,2026-04-27T02:23:51.000Z,125.90010416666667
isreyas/Study_Assistant,SLEEPING,False,2026-07-05T06:37:28.000Z,56.72398148148148
itsh4r01/AI-Quiz-Generator,RUNTIME_ERROR,False,2026-07-22T01:47:20.000Z,39.92546296296296
Jainish210705/Quiz_Generator,SLEEPING,False,2025-09-27T12:12:13.000Z,337.4915162037037
jakeeeeeeee/my-study-assistant,RUNTIME_ERROR,False,2026-08-02T10:52:14.000Z,28.547060185185185
Janakimeena/RAG-Base-Educational-Chatbot,RUNTIME_ERROR,False,2026-05-12T09:48:59.000Z,110.5909837962963
Jangasathwika/ai.tutor,RUNTIME_ERROR,False,2026-07-08T08:52:54.000Z,53.62993055555555
Jangasathwika/aitutor,PAUSED,False,2026-07-09T09:15:08.000Z,52.61449074074074
Jayadityasahu/my-study-assistant,RUNTIME_ERROR,False,2026-08-29T09:06:26.000Z,1.6205324074074074
jayeshjachak/Study_Assistant,SLEEPING,False,2026-04-13T15:08:09.000Z,139.36934027777778
jdbolter/language-tutor,BUILD_ERROR,False,2025-06-25T18:01:35.000Z,431.248900462963
jee-ai-tutor/jee-ai-tutor-app,SLEEPING,False,2026-06-10T08:39:25.000Z,81.63929398148149
jenny-yuu/english-teaching-assistant,SLEEPING,False,2025-10-19T18:35:13.000Z,315.2255439814815
jeyabala2905/12th-biology-ai-tutor,RUNTIME_ERROR,False,2026-06-25T16:02:45.000Z,66.3314236111111
jimmyyzz/Quiz_Generator,SLEEPING,False,2026-06-23T03:35:59.000Z,68.85001157407407
jlazoflores/Language_Tutor,SLEEPING,False,2026-07-06T09:44:24.000Z,55.594166666666666
john-supplychain/cpim-ai-tutor,SLEEPING,False,2026-06-27T15:36:48.000Z,64.34944444444444
jonowrenn/cs-study-assistant,SLEEPING,False,2026-03-24T22:02:37.000Z,159.0815162037037
Josebert/JR_Quiz_Generator,RUNTIME_ERROR,False,2025-02-22T15:12:25.000Z,554.3663773148148
JPPD/Tutor-fisica-abp-chatbot,RUNTIME_ERROR,False,2025-04-16T06:40:53.000Z,501.7216087962963
jsilbersky/AI-language-tutor,SLEEPING,False,2025-04-28T21:20:16.000Z,489.1109259259259
JulsdL/AI-Notebook-Tutor,RUNTIME_ERROR,False,2024-05-16T22:29:43.000Z,836.0626967592592
Junaidblr/lesson-plan-generator,RUNTIME_ERROR,False,2026-05-04T05:52:55.000Z,118.75491898148148
jyoti210303/quiz-question-generator,RUNTIME_ERROR,False,2025-08-18T17:33:03.000Z,377.2687152777778
KaifKohari/ai-math-tutor,SLEEPING,False,2025-03-10T12:23:41.000Z,538.4835532407408
kalai1915/AI-Tutor-Image-Gen,RUNTIME_ERROR,False,2025-03-04T05:09:49.000Z,544.7848495370371
kanagaraj/StudyAssistant,RUNTIME_ERROR,False,2026-08-07T06:29:54.000Z,23.72923611111111
Kanharamgurjar/Study_assistant_model,RUNNING,False,2026-08-24T04:16:38.000Z,6.821782407407407
karibubybsf/ai_tutor,RUNTIME_ERROR,False,2025-08-25T10:30:24.000Z,370.5622222222222
karibubybsf/ai_tutor_v2,RUNTIME_ERROR,False,2025-03-10T17:16:44.000Z,538.2800462962963
karibubybsf/ai_tutor_v3,SLEEPING,False,2025-03-12T14:28:08.000Z,536.3971296296296
Karishma-19/AI-Tutor,SLEEPING,False,2026-07-06T06:11:48.000Z,55.74180555555556
KashishM/study_assistant,SLEEPING,False,2026-07-26T16:18:08.000Z,35.32074074074074
KashTheDev123/Accounting-Tutor-AI,RUNTIME_ERROR,False,2026-03-02T18:36:21.000Z,181.22475694444444
kastan/ai-teaching-assistant,RUNTIME_ERROR,False,2023-04-07T17:45:26.000Z,1241.2601157407407
kastan/ai-teaching-assistant-beta,RUNTIME_ERROR,False,2023-03-31T17:18:02.000Z,1248.2791435185186
Kaveri2109/rag-teaching-assistant,RUNTIME_ERROR,False,2026-03-31T04:21:36.000Z,152.81833333333333
Kavya-Thakar/ai-teaching-assistant-v2,RUNTIME_ERROR,False,2026-05-29T12:47:26.000Z,93.46706018518519
kavyasri0821/AI_Converstational_Data_Science_Tutor,SLEEPING,False,2025-03-23T13:32:26.000Z,525.4358101851852
ke955/smm2-course-generator,RUNNING,False,2026-04-16T09:57:33.000Z,136.58503472222222
Keerthana96/bridge_course_generator,SLEEPING,False,2026-02-24T09:14:57.000Z,187.61461805555555
khankashif/education_assistant_chatbot,SLEEPING,False,2025-02-18T11:35:47.000Z,558.5168171296297
Khanmx99/Pak-Angels-AI-Tutor,RUNNING,False,2026-07-11T08:16:31.000Z,50.65519675925926
KhansaAQureshi/AI_Tutor,SLEEPING,False,2025-02-13T19:33:11.000Z,563.1852893518519
kinely/Study-Assistant,BUILD_ERROR,False,2024-11-25T06:37:26.000Z,643.7240046296296
king011/AI-quiz-generator,SLEEPING,False,2025-02-27T09:42:44.000Z,549.595324074074
kodamkarthik281/AI_Conversational_Tutor,SLEEPING,False,2025-05-13T07:38:50.000Z,474.6813657407407
kollalekhan/StudyAssistant,PAUSED,False,2026-08-13T17:16:40.000Z,17.28009259259259
kousarshaik/AI_TUTOR,RUNTIME_ERROR,False,2026-07-03T10:06:05.000Z,58.579108796296296
kr1shnasharma/academic-tutor-ai,SLEEPING,False,2026-07-08T16:12:51.000Z,53.32440972222222
kr1shnasharma/swp1-academic-ai-tutor,RUNTIME_ERROR,False,2026-04-13T17:20:13.000Z,139.27762731481482
krishala/TutorChatbot,SLEEPING,False,2025-12-09T08:05:23.000Z,264.66292824074077
Krishna-108/study-assistant,SLEEPING,False,2026-07-27T16:17:26.000Z,34.321226851851854
krishnachaithanya26/StudyAssistant,SLEEPING,False,2026-02-25T08:50:42.000Z,186.63145833333334
Krishnajha18/StudyAssistant,RUNNING,False,2026-07-31T10:28:12.000Z,30.56375
KSaiManikanta/Ai_Data-Science_Tutor,BUILD_ERROR,False,2025-03-19T05:42:24.000Z,529.7622222222222
KunalGupta1212/Quiz-generator,RUNTIME_ERROR,False,2025-08-16T18:04:12.000Z,379.2470833333333
kunalhugface/Football_Tutor_Chatbot,BUILD_ERROR,False,2026-05-19T13:32:11.000Z,103.4359837962963
kundan857/StudyAssistant,SLEEPING,False,2026-05-08T05:25:17.000Z,114.77410879629629
lekhankolla/StudyAssistant,PAUSED,False,2026-08-13T17:38:34.000Z,17.264884259259258
Lesterchia1/FPOC2_AI-Tutor_Chatbot,SLEEPING,False,2025-11-23T04:37:06.000Z,280.8075694444444
Lipely/FYP-lesson-plan-generator,SLEEPING,False,2026-08-24T16:06:01.000Z,6.329155092592592
louiecerv/problem_solving_ai_tutor,SLEEPING,False,2025-03-10T02:25:16.000Z,538.8991203703704
LoveJesus/biblical-language-tutor-chirho,RUNTIME_ERROR,False,2026-02-14T12:28:33.000Z,197.4801736111111
LSATAdaptiveTutor/chatbot_tutor,SLEEPING,False,2025-04-25T18:04:46.000Z,492.24668981481483
lynnnnrz/ai-teaching-assistant,SLEEPING,False,2025-04-26T01:32:57.000Z,491.9354513888889
lynnnnrz/ai_teaching_assistant,CONFIG_ERROR,False,2025-04-25T21:44:11.000Z,492.09431712962964
Madni2025/MDCAT-AI-TUTOR,SLEEPING,False,2026-06-20T17:39:47.000Z,71.26403935185185
Madni2025/MDCAT_AI_TUTOR,SLEEPING,False,2026-07-05T07:00:45.000Z,56.7078125
maheshj90/StudyAssistant,SLEEPING,False,2025-12-09T15:03:25.000Z,264.3726273148148
ManarMagdy6/Professional-Quiz-Generator,SLEEPING,False,2026-03-26T14:26:34.000Z,157.3982175925926
Mani-krishna/StudyAssistant,RUNNING,False,2026-07-12T16:09:35.000Z,49.32667824074074
Manikanta2793/my-study-assistant,RUNTIME_ERROR,False,2026-04-20T06:37:51.000Z,132.72371527777779
Maram-almasary/AI_Study_Assistant,BUILD_ERROR,False,2025-02-27T08:06:26.000Z,549.6621990740741
maria355/Ai_teaching_assistant,RUNNING,False,2026-03-27T20:38:19.000Z,156.14005787037038
maria355/Quiz-Generator,SLEEPING,False,2026-03-27T20:41:38.000Z,156.13775462962963
marty331/AI_Tutor,PAUSED,False,2025-01-08T17:57:04.000Z,599.252037037037
mashetti-17varshitha/AI_tutor,SLEEPING,False,2026-07-06T08:10:15.000Z,55.65954861111111
Masterlew/math-tutor-chatbot,SLEEPING,False,2026-02-11T15:26:08.000Z,200.35685185185184
mattdotvaughn/reachy_mini_language_tutor,RUNNING,False,2026-01-05T13:05:48.000Z,237.45430555555555
mayankjen/AI-Powered_Teaching-Assistant,SLEEPING,False,2024-07-21T05:23:55.000Z,770.7750578703703
MeetThakkar/quiz-generator,SLEEPING,False,2026-01-16T05:49:46.000Z,226.7571064814815
Megana10/ai_study_assistant,RUNTIME_ERROR,False,2026-02-25T06:53:06.000Z,186.713125
Mehak0711/AI_TUTOR,SLEEPING,False,2026-07-02T09:43:24.000Z,59.59486111111111
mehakkhan/Kaggle_Study_Assistant,RUNTIME_ERROR,False,2025-05-08T15:18:14.000Z,479.36233796296295
Mehrann123/AI-tutor,SLEEPING,False,2024-12-10T08:56:59.000Z,628.6270949074074
Mehrann123/MMB-Quiz-Generator,BUILD_ERROR,False,2026-08-19T19:20:09.000Z,11.194340277777778
mehwishafsa/education_chatbot,RUNTIME_ERROR,False,2026-06-25T06:12:18.000Z,66.74145833333333
mercLH44/new-ai-tutor,SLEEPING,False,2024-10-02T15:52:25.000Z,697.338599537037
midlajvalappil/AI-Powered-YouTube-Transcript-Tutor,RUNTIME_ERROR,False,2025-07-17T19:57:38.000Z,409.1683101851852
mithilesh22/StudyAssistant,SLEEPING,False,2026-06-15T13:52:38.000Z,76.4217824074074
mkT83303/spanish-tutor-chatbot,SLEEPING,False,2025-06-10T15:30:04.000Z,446.35412037037037
MMustafa313/RAG_Study_Assistant,SLEEPING,False,2025-07-14T03:53:58.000Z,412.83752314814814
mogbuehi/LO_AI_Tutor,RUNTIME_ERROR,False,2023-09-26T08:47:00.000Z,1069.6340277777779
mogbuehi/YT_Language_Tutor,RUNTIME_ERROR,False,2023-09-29T00:48:29.000Z,1066.9663310185185
mogbuehi/YT_Language_Tutor_2,SLEEPING,False,2023-09-29T00:48:29.000Z,1066.9663310185185
MohammadYaseen/personalized-study-assistant-chatbot,SLEEPING,False,2024-11-16T03:01:06.000Z,652.8742361111111
mohammednouman/CB-Quiz-Generator,SLEEPING,False,2024-03-14T08:16:11.000Z,899.6554282407408
Mohd-Dilshan/ai-quiz-generator,SLEEPING,False,2026-03-13T15:02:28.000Z,170.37328703703704
Mohit99Chand/EducationalAIChatbot,RUNTIME_ERROR,False,2024-01-27T07:27:34.000Z,946.6891898148148
Mohitha/Conversational_AI_Data_Science_Tutor,SLEEPING,False,2025-03-09T17:28:36.000Z,539.2718055555556
montue/Teaching_Assistant,RUNTIME_ERROR,False,2024-10-02T17:54:47.000Z,697.2536226851852
Moon33/linda-quiz-generator,RUNTIME_ERROR,False,2025-06-10T14:03:29.000Z,446.41424768518516
MOrgan27/AI-study-assistant,RUNTIME_ERROR,False,2025-05-17T20:00:51.000Z,470.1660763888889
motsimaslam/Afri-AI-Tutor,SLEEPING,False,2025-03-02T15:05:34.000Z,546.3711342592593
mounikathatikonda/AI_TUTOR,SLEEPING,False,2026-07-02T10:15:28.000Z,59.57259259259259
Mpavan45/Ai_Data-Science_Tutor,BUILD_ERROR,False,2025-03-14T17:44:55.000Z,534.260474537037
mrhamxa/Gradio-based-RAG-study-assistant,SLEEPING,False,2025-07-28T10:34:24.000Z,398.55944444444447
MrSimple01/QuizGenerator,RUNNING,False,2025-04-08T09:21:22.000Z,509.610162037037
muhammadHassan123/quiz-generator-ai,RUNTIME_ERROR,False,2026-06-10T06:50:07.000Z,81.71519675925926
Mujahid1122/AI-Based-Quiz-Generator,RUNTIME_ERROR,False,2024-11-09T11:20:21.000Z,659.5275347222222
mukeshpatel1006/Study_Assistant,RUNTIME_ERROR,False,2026-08-13T07:08:01.000Z,17.702766203703703
Murtaza249/Text_to_Quiz_Generator,SLEEPING,False,2025-04-21T18:08:01.000Z,496.24443287037036
N-Mothish/personalized-study-assistant,BUILD_ERROR,False,2025-04-18T17:16:10.000Z,499.2804398148148
nakshatravuppula25/AI_TUTOR,RUNNING,False,2026-07-16T15:13:06.000Z,45.36590277777778
nandigamavamshi/StudyAssistant,RUNNING,False,2026-08-09T11:06:57.000Z,21.536840277777777
nandini1810/AI_TUTOR,SLEEPING,False,2026-07-06T09:41:26.000Z,55.59622685185185
naveensngc/AI-Tutor,SLEEPING,False,2026-07-03T07:32:00.000Z,58.68611111111111
NavenTheRaven/Quiz_Generator,SLEEPING,False,2026-03-16T01:16:53.000Z,167.9466087962963
nersyan/quiz-generator,RUNTIME_ERROR,False,2026-03-24T20:55:45.000Z,159.1279513888889
nhu445/ai-english-tutor,SLEEPING,False,2026-03-25T19:51:56.000Z,158.1722685185185
Nijanth/teaching-assistant-backend,SLEEPING,False,2026-04-15T05:37:13.000Z,137.76582175925927
NIKHITHA913/aitutor,SLEEPING,False,2026-07-03T09:48:50.000Z,58.591087962962966
Nishanthan02/quiz-generator,SLEEPING,False,2026-08-07T16:09:12.000Z,23.326944444444443
nishayaseen001/StudyAssistant,SLEEPING,False,2025-11-26T07:27:27.000Z,277.68927083333335
Nitinane/StudyAssistant,SLEEPING,False,2026-02-24T06:50:05.000Z,187.7152199074074
nohitha05/AI-TUTOR,SLEEPING,False,2026-07-06T13:12:26.000Z,55.449699074074076
npinar/quiz-generator,SLEEPING,False,2025-08-17T03:22:56.000Z,378.8590740740741
nruhh/Ai_tutor,SLEEPING,False,2026-07-02T09:50:05.000Z,59.59021990740741
nublelouch/study-assistant,RUNTIME_ERROR,False,2026-06-14T16:16:27.000Z,77.32190972222222
Nullpointer-KK/ai-tutor-chatbot_KK,RUNTIME_ERROR,False,2025-08-30T12:25:26.000Z,365.48233796296296
oluinioluwa814/Ai-tutor,SLEEPING,False,2025-12-23T22:22:42.000Z,250.06756944444444
omprasadmahapatra/Ai_Math_Tutor,RUNTIME_ERROR,False,2025-02-19T05:09:17.000Z,557.7852199074074
One2SkipAfew/tutormina-ai,RUNNING,False,2026-08-30T09:59:35.000Z,0.5836226851851852
patilyash22/Python-tutor-chatbot,BUILD_ERROR,False,2025-01-31T12:22:27.000Z,576.4844097222223
pattato1/language-tutor,RUNTIME_ERROR,False,2026-02-15T22:09:58.000Z,196.07641203703704
pattato1/languagetutor,SLEEPING,False,2026-02-16T20:42:47.000Z,195.13695601851853
Pavan-Kumar23/quiz-generator,SLEEPING,False,2026-06-28T10:20:31.000Z,63.569085648148146
phanisrigandla/AI_Tutor,SLEEPING,False,2026-07-07T14:26:44.000Z,54.398101851851855
philipobiorah/socratic-tutor,RUNNING,False,2026-08-27T15:30:02.000Z,3.3541435185185184
Phoenix3274/AI-Quiz-Generator,RUNTIME_ERROR,False,2025-10-12T08:29:02.000Z,322.64650462962965
Pooja1218/ai-quiz-generator,RUNTIME_ERROR,False,2025-05-02T09:51:59.000Z,485.58890046296295
poojithathalla/AI_TUTOR,SLEEPING,False,2026-07-06T10:10:34.000Z,55.57599537037037
pradeepodela/AI-tech-tutor,SLEEPING,False,2024-01-26T06:37:19.000Z,947.7240856481482
Prak2005/AI-Powered-Personal-Study-Assistant,SLEEPING,False,2025-03-01T19:08:04.000Z,547.2027314814815
pranaymachi/StudyAssistant,SLEEPING,False,2026-08-24T08:13:48.000Z,6.6570833333333335
praneeth300/AI-Quiz-Generator,RUNTIME_ERROR,False,2025-07-29T12:46:38.000Z,397.46761574074077
Pranshuu/educational-chatbot,BUILD_ERROR,False,2025-04-28T20:35:33.000Z,489.14197916666666
prasanth22118131/StudyAssistant,SLEEPING,False,2026-04-02T13:19:19.000Z,150.4449189814815
Pratap1928/AI_Teaching_Assistant,RUNTIME_ERROR,False,2024-11-19T21:52:45.000Z,649.0883680555555
pratikshahp/Education-Chatbot-Guardrail,BUILD_ERROR,False,2025-01-24T14:03:29.000Z,583.4142476851852
Premsp2005/StudyAssistant,RUNTIME_ERROR,False,2026-08-01T11:26:04.000Z,29.523564814814815
provokingdiaries/AI_TUTOR,SLEEPING,False,2026-07-02T09:52:43.000Z,59.5883912037037
pseudolab/AI_Tutor_BERT,PAUSED,False,2023-11-10T14:37:41.000Z,1024.3904976851852
pydeoxy/quiz_generator,RUNTIME_ERROR,False,2024-09-04T13:44:09.000Z,725.4276736111111
qhaData/quiz-generator-pipeline,SLEEPING,False,2025-10-26T10:44:31.000Z,308.5524189814815
RabiaAbsar/genai-tutor-chatbot,SLEEPING,False,2026-06-23T05:29:55.000Z,68.7708912037037
rachapich/PISA-Teaching-Assistant-ChatBot-Guru,SLEEPING,False,2025-09-11T09:37:40.000Z,353.5988425925926
Rahul2298/QuizGenerator,RUNTIME_ERROR,False,2025-09-05T14:01:33.000Z,359.41559027777777
RAHYDV/teaching-assistant,RUNTIME_ERROR,False,2024-11-20T12:15:31.000Z,648.489224537037
Raja02424/education-chatbot,SLEEPING,False,2026-04-30T11:37:46.000Z,122.51543981481481
Rajeev0102/StudyAssistant,SLEEPING,False,2026-08-23T19:37:50.000Z,7.182060185185185
Rajesh20/AI_Tutor,SLEEPING,False,2025-03-10T10:23:22.000Z,538.5671064814815
RAJKUMAR2504/AI-Study-Assistant,RUNNING,False,2026-08-20T19:31:38.000Z,10.18636574074074
Ram05saran/ai-language-tutor,SLEEPING,False,2025-09-22T17:29:54.000Z,342.2709027777778
ramashandoubeh/Education-chatbot,SLEEPING,False,2025-10-13T14:56:19.000Z,321.37755787037037
Ramya8637/quiz-generator,RUNTIME_ERROR,False,2025-09-21T09:56:34.000Z,343.5857175925926
RamyaKammari/jee_ai_tutor,SLEEPING,False,2024-07-09T21:28:38.000Z,782.1051157407408
Rashpinder/RAG-based-Agentic-AI-tutor,BUILD_ERROR,False,2026-01-13T14:03:18.000Z,229.414375
RayaRam11/Study-assistant,PAUSED,False,2026-07-13T01:49:37.000Z,48.92387731481482
Rayi-ss/AI-Powered-Study-Assistant,SLEEPING,False,2025-10-28T10:21:05.000Z,306.56869212962965
Razzaqi3143/Engineering_Quiz_Generator,BUILD_ERROR,False,2024-11-10T05:07:35.000Z,658.786400462963
rcventura108000/Sophia-Ai-english-tutor,SLEEPING,False,2025-08-16T12:33:42.000Z,379.4765972222222
rexiy/study_assistant,RUNTIME_ERROR,False,2026-02-19T09:00:53.000Z,192.62438657407407
rgos20000/Quiz_Generator,SLEEPING,False,2026-03-17T15:31:56.000Z,166.35282407407408
ridgebradley888/Smart-AI-Tutor-APP,SLEEPING,False,2025-02-10T06:00:18.000Z,566.7497916666666
Rishabh12j/AI_Powered_Teaching_Assistant,BUILD_ERROR,False,2024-05-15T08:01:30.000Z,837.665625
Rishabh12j/Teaching_Assistant_AI,RUNNING,False,2024-09-29T02:40:01.000Z,700.8888773148149
Riya00/quiz_generator,RUNTIME_ERROR,False,2025-08-16T20:13:15.000Z,379.15746527777776
rk803/Data_Science_Tutor_Ai,BUILD_ERROR,False,2025-03-15T07:01:28.000Z,533.7073148148148
Rohit8827/StudyAssistant,SLEEPING,False,2026-06-13T12:40:41.000Z,78.47174768518518
Rosh-2/physics_tutor_chatbot,SLEEPING,False,2025-05-24T09:46:59.000Z,463.5923726851852
roshandakhore2003/nuron-teaching-assistant,PAUSED,False,2026-05-26T07:55:44.000Z,96.66962962962963
roxqtang/ai-teaching-assistant,RUNTIME_ERROR,False,2025-04-26T01:32:57.000Z,491.9354513888889
rugvedaa/Ai-tutorApp,PAUSED,False,2026-08-22T23:49:03.000Z,8.007604166666667
Rupesx007/quiz_generator,SLEEPING,False,2025-03-03T23:40:21.000Z,545.0136458333334
Rushi420/StudyAssistant,RUNTIME_ERROR,False,2026-08-29T12:55:45.000Z,1.4612847222222223
s1313/Quiz_Generator,SLEEPING,False,2026-03-16T01:28:57.000Z,167.93822916666667
SaanviWatrana/saanvi-ai-study-tutor,RUNNING,False,2026-08-19T18:48:33.000Z,11.216284722222222
sabahat-shakeel/study-assistant,PAUSED,False,2024-11-06T11:19:33.000Z,662.5280902777778
sabrineoueslati/quiz-generator,BUILD_ERROR,False,2026-05-12T12:32:10.000Z,110.47766203703704
sachi2004/ai-study-assistant,RUNTIME_ERROR,False,2026-07-30T12:49:27.000Z,31.465659722222224
Sadem-12/AI_Study_Assistant,RUNNING,False,2025-02-25T13:38:24.000Z,551.4316666666666
SahilGupta4/Study_Assistant,SLEEPING,False,2026-04-23T08:50:55.000Z,129.63130787037036
SaiAbhiYaswanth/study_assistant,RUNNING,False,2026-07-14T16:35:44.000Z,47.30851851851852
saicharantej/aitutor,RUNTIME_ERROR,False,2023-10-26T16:23:41.000Z,1039.316886574074
saikumar27/AI_Powered_Data_Science_Tutor,BUILD_ERROR,False,2025-05-22T10:00:20.000Z,465.58310185185184
saimahashmi/ai-study-assistant,SLEEPING,False,2026-03-27T04:56:37.000Z,156.7940162037037
sairaarif89/AITutor,BUILD_ERROR,False,2025-02-13T16:06:22.000Z,563.3289120370371
SaiRithwik2004/StudyAssistant,SLEEPING,False,2026-07-06T07:35:55.000Z,55.68339120370371
Sajid1974/Socratic_QA_GenAI_Tutor,SLEEPING,False,2026-02-18T10:55:04.000Z,193.5450925925926
salsh093/SEG_StudyAssistant,SLEEPING,False,2025-03-20T22:51:41.000Z,528.0474421296296
samadjunejo/ai_study_assistant,SLEEPING,False,2025-05-18T15:57:22.000Z,469.33516203703704
samakanishkareddy/AI_TUTOR,SLEEPING,False,2026-07-02T10:06:19.000Z,59.57894675925926
Samanfatima563474/tutor-ai,SLEEPING,False,2025-07-14T12:04:06.000Z,412.4971527777778
SambaReshma/AI_TUTOR,SLEEPING,False,2026-07-03T09:21:55.000Z,58.609780092592594
sameekghosh/ai-python-teaching-assistant,RUNTIME_ERROR,False,2025-06-29T11:41:53.000Z,427.5125810185185
samekbotfactorycz/aitutor,BUILD_ERROR,False,2025-01-12T21:43:04.000Z,595.0950925925926
Samyakj69/Study_Assistant,SLEEPING,False,2026-04-27T14:52:12.000Z,125.38041666666666
SanaBegum23/AI_tutor,RUNTIME_ERROR,False,2026-07-03T09:52:38.000Z,58.58844907407408
sanakousar/AI_TUTOR,RUNTIME_ERROR,False,2026-07-03T09:52:43.000Z,58.5883912037037
sanchezpaez/speech_to_text_to_speech_language_tutor,SLEEPING,False,2025-04-23T15:02:58.000Z,494.3729398148148
sandariyogitha/AI_TUTOR,SLEEPING,False,2026-07-03T09:40:13.000Z,58.59707175925926
sangareddijaswanth/study_assistant,BUILD_ERROR,False,2026-07-15T07:41:34.000Z,46.679467592592594
sanjana033/my-study-assistant,SLEEPING,False,2026-05-04T16:29:25.000Z,118.31290509259259
Sanjay-Ai/AI-Powered-Socratic-Teaching-Assistant,BUILD_ERROR,False,2024-10-01T20:45:56.000Z,698.1347685185185
Sanjay0102/StudyAssistant,SLEEPING,False,2026-05-02T03:33:54.000Z,120.85145833333333
sanketh2334/biology_ai_tutor,RUNTIME_ERROR,False,2025-05-24T09:16:42.000Z,463.61340277777776
santhoshi-123/AITUTOR,SLEEPING,False,2026-07-03T10:07:18.000Z,58.57826388888889
santosh7/AI_converstion_Data_Science_Tutor,BUILD_ERROR,False,2025-03-21T06:55:16.000Z,527.7116203703704
Santoshtambe/ai-study-assistant,RUNTIME_ERROR,False,2026-07-16T18:59:53.000Z,45.20841435185185
Santoshtambe/study_Assistant,RUNTIME_ERROR,False,2026-07-16T19:14:48.000Z,45.198055555555555
saraHamza/Engli-Tutor-Chatbot,BUILD_ERROR,False,2024-11-13T21:16:19.000Z,655.1136689814815
Saravana-Saro14/Educational-chatbot,SLEEPING,False,2026-01-31T15:07:01.000Z,211.37012731481482
saru21/study_assistant,SLEEPING,False,2026-07-07T05:47:31.000Z,54.758668981481485
satvik452007/Study_assistant,RUNTIME_ERROR,False,2026-03-30T08:32:48.000Z,153.64388888888888
Sayan21/Video-Tutor-AI,RUNTIME_ERROR,False,2026-03-21T20:17:45.000Z,162.15434027777778
SBDeploy/Study_Assistant,SLEEPING,False,2025-11-26T11:38:19.000Z,277.51505787037036
Selenophile786/physics-ai-tutor,RUNNING,False,2026-08-16T13:11:38.000Z,14.45025462962963
SerotoninRonin/Quiz-Generator,RUNTIME_ERROR,False,2025-08-18T23:19:40.000Z,377.02800925925925
sewusida/statistics_study_assistant,RUNTIME_ERROR,False,2025-03-06T02:54:11.000Z,542.8790393518518
SH1VAM-2027/studyAssistant,SLEEPING,False,2026-07-15T08:26:05.000Z,46.64855324074074
Shahbazakbar/AI-Tutor,RUNTIME_ERROR,False,2025-02-23T06:41:09.000Z,553.7214236111112
Shahbazakbar/RAG-AI-Tutor,SLEEPING,False,2025-02-23T08:37:56.000Z,553.6403240740741
shaheerawan3/AI-Teaching-Assistant,SLEEPING,False,2024-12-15T17:07:18.000Z,623.2865972222222
shahzaib41202/AI_ML_Tutor,SLEEPING,False,2025-11-30T18:58:54.000Z,273.2090972222222
shankar-dev24/StudyAssistant,RUNNING,False,2026-07-17T11:13:09.000Z,44.53253472222222
shawarnaditya121/ai-teaching-assistant,RUNTIME_ERROR,False,2025-12-10T07:48:54.000Z,263.674375
shb59na/ai-study-tutor,SLEEPING,False,2026-08-08T14:24:44.000Z,22.39949074074074
sheraz00/ai-teaching-assistant,SLEEPING,False,2026-06-25T20:12:01.000Z,66.15832175925927
shikhahaljmili/ai-quiz-generator,SLEEPING,False,2025-11-09T06:20:30.000Z,294.73576388888887
shirosh/ai-tutor,RUNTIME_ERROR,False,2024-04-25T04:54:47.000Z,857.7952893518518
Shivam10lm/ai-teaching-assistant,BUILD_ERROR,False,2024-09-21T01:42:18.000Z,708.9289583333333
shivasai02/StudyAssistant,SLEEPING,False,2026-04-29T06:00:47.000Z,123.74945601851852
Shivateja23/DS_AI_TUTOR,SLEEPING,False,2025-03-21T10:09:55.000Z,527.5764467592593
Shlok1005/Voice_chatbot_tutor,SLEEPING,False,2025-12-17T12:24:17.000Z,256.4831365740741
shroukelnagdy/quiz-generator,SLEEPING,False,2026-04-30T17:55:36.000Z,122.25305555555556
shukdevdatta123/Language-Learning-Companion,PAUSED,False,2025-05-15T06:56:43.000Z,472.71061342592594
shukdevdatta123/Smart-AI-Tutor-APP,PAUSED,False,2025-03-28T04:24:59.000Z,520.8159837962963
shuklavartika/AI_Study_Assistant,RUNNING,False,2025-07-04T08:07:45.000Z,422.6612847222222
Siddhisapkal/AI_Tutor,SLEEPING,False,2025-03-14T11:45:46.000Z,534.5098842592593
Sindu31/IntelliGent-AI-Tutor-System,SLEEPING,False,2026-05-29T04:56:21.000Z,93.7942013888889
siphiwesibisi/quiz-and-study-guide-generator,RUNTIME_ERROR,False,2025-11-25T12:30:54.000Z,278.4785416666667
siphiwesibisi/quiz-generator,RUNTIME_ERROR,False,2025-11-25T11:29:12.000Z,278.5213888888889
Sirichandanasamala/AI_TUTOR,SLEEPING,False,2026-07-03T09:52:04.000Z,58.58884259259259
SirigajjeDurga/AI-Personal-Tutor,SLEEPING,False,2026-06-28T14:44:50.000Z,63.38553240740741
siriItis/pdf-study-assistant,RUNTIME_ERROR,False,2026-05-29T13:23:17.000Z,93.44216435185186
sk-12/EDUBUDDY-AI-TUTOR,SLEEPING,False,2026-06-14T04:29:46.000Z,77.81266203703704
Solkyash/Ai-study-assistant,RUNTIME_ERROR,False,2025-09-28T08:00:10.000Z,336.66655092592595
sravani30/AI_QUIZ_GENERATOR,BUILD_ERROR,False,2025-02-23T07:01:15.000Z,553.7074652777778
Sree1216/AI_tutor,SLEEPING,False,2026-07-03T05:57:27.000Z,58.75177083333333
sreejamanthena/StudyAssistant,RUNNING,False,2026-07-13T15:53:39.000Z,48.337743055555556
sreenivasulaReddy/StudyAssistant,SLEEPING,False,2026-07-04T07:37:10.000Z,57.68252314814815
Sri921980/Ai_Tutor,SLEEPING,False,2026-07-02T09:51:06.000Z,59.58951388888889
SrihithaReddy123/AI_TUTOR,SLEEPING,False,2026-07-06T08:46:56.000Z,55.63407407407407
srinivas25046/ai-study-assistant,RUNTIME_ERROR,False,2025-07-06T16:11:11.000Z,420.32556712962963
Srushtii-13/Study_Assistant,RUNTIME_ERROR,False,2026-02-13T03:52:56.000Z,198.83824074074073
starkbyte45896/Quiz_Generator,SLEEPING,False,2025-04-06T15:22:14.000Z,511.35956018518516
sudeepthitellapally/AITutor,SLEEPING,False,2026-07-03T09:41:22.000Z,58.59627314814815
sudipta26889/Quiz-Generator,SLEEPING,False,2025-10-08T15:33:56.000Z,326.3514351851852
Sujithraam/StudyAssistant,RUNNING,False,2026-07-24T06:23:33.000Z,37.733645833333334
SujithRaam07/StudyAssistant,RUNNING,False,2026-07-24T07:25:39.000Z,37.69052083333333
sultan-hassan/adaptive_language_tutor,RUNTIME_ERROR,False,2025-07-26T04:01:39.000Z,400.8321875
tariqm603/study-assistant,SLEEPING,False,2024-11-10T18:10:46.000Z,658.2425231481482
tarunkanugu/study_Assistant,RUNNING,False,2026-07-23T12:22:11.000Z,38.484594907407406
tayy786/Ai_Tutor_App,SLEEPING,False,2026-05-07T11:41:21.000Z,115.5129513888889
TeerthPurohit/RAG-TradingWithML-Teaching-Assistant,SLEEPING,False,2026-06-08T04:08:13.000Z,83.82762731481482
tejuu23/ai-tutor,SLEEPING,False,2026-07-03T05:40:37.000Z,58.76346064814815
tfitzge134/gemini-learning-companion,RUNTIME_ERROR,False,2025-04-17T01:08:20.000Z,500.9525462962963
thabassum9/ai_tutor,SLEEPING,False,2026-07-03T05:55:29.000Z,58.75313657407408
Thepatelsuraj12/Rag-based-AI-Teaching-Assistant,BUILD_ERROR,False,2026-02-13T16:33:11.000Z,198.31028935185185
theSriram/StudyAssistant,RUNNING,False,2026-08-22T11:26:54.000Z,8.522986111111111
thilak1/RAG-BASED-AI-TEACHING-ASSISTANT,RUNTIME_ERROR,False,2025-11-14T09:54:53.000Z,289.5868865740741
Tomjedo/Education_Chatbot,SLEEPING,False,2025-03-12T16:33:01.000Z,536.3104050925926
Tonic/open-gpt-Lesson-Plan-Generator,RUNTIME_ERROR,False,2023-11-28T23:12:21.000Z,1006.0330902777778
tools4ds/ai_tutor,RUNTIME_ERROR,False,2025-01-21T05:49:28.000Z,586.7573148148148
towardsai-tutors/ai-tutor-chatbot,RUNNING,False,2026-08-25T23:18:07.000Z,5.029085648148148
Trinesh16/StudyAssistant,SLEEPING,False,2026-03-03T06:49:51.000Z,180.71538194444443
Trivikrama/Physics_Lesson_Plan_Generator,RUNTIME_ERROR,False,2024-10-18T14:33:05.000Z,681.3936921296296
Troy88/Quiz-Generator,SLEEPING,False,2024-11-04T08:10:23.000Z,664.6594560185185
Turbiling/Backward-Design-Lesson-Plan-Generator,SLEEPING,False,2025-10-07T20:39:21.000Z,327.13934027777776
Turbiling/GB_Education_Chatbot,RUNTIME_ERROR,False,2025-06-11T20:51:45.000Z,445.13072916666664
Turbiling/Lesson_Plan_Generator,RUNNING,False,2025-10-08T17:38:02.000Z,326.2652546296296
Turbiling/Sharqi_Education_Chatbot,SLEEPING,False,2025-06-01T09:51:06.000Z,455.5895138888889
Tutor-Ai-100/AI_Tutor_Chatbot,RUNTIME_ERROR,False,2024-11-15T15:44:12.000Z,653.3443055555556
tyapab/ai-study-assistant,RUNTIME_ERROR,False,2026-01-16T19:51:25.000Z,226.1726273148148
uc-msai631-2025-spring/group2_study_assistant,SLEEPING,False,2025-02-22T19:14:55.000Z,554.197974537037
Udayveer1990/Language_tutor,SLEEPING,False,2026-06-05T10:06:04.000Z,86.57912037037038
Ukhanyo/quiz-generator-ai,RUNTIME_ERROR,False,2025-08-04T08:56:35.000Z,391.6273726851852
UlliInduSree/AI_Tutor_Chatbot,RUNTIME_ERROR,False,2025-08-01T15:28:29.000Z,394.3552199074074
UmarIqbal000/quiz-generator-ai,SLEEPING,False,2026-02-09T21:12:27.000Z,202.11635416666667
umerforsure/AI-Study-Assistant,RUNTIME_ERROR,False,2025-08-07T12:01:33.000Z,388.49892361111114
Us-er-na-me/QuizGenerator,BUILD_ERROR,False,2025-03-18T12:36:51.000Z,530.4744097222223
Vaibhava24/my-study-assistant,RUNNING,False,2026-08-13T10:01:57.000Z,17.581979166666667
Vaishnav-00299/my-study-assistant,SLEEPING,False,2026-06-23T04:32:06.000Z,68.81104166666667
Varshareddy1106/AI_TUTOR,SLEEPING,False,2026-07-06T09:28:03.000Z,55.60552083333334
VarunGoud314/Study_assistant,SLEEPING,False,2026-03-16T05:34:37.000Z,167.7676273148148
VinayKarthik800/ai-tutor,RUNNING,False,2026-08-23T07:44:28.000Z,7.677453703703704
vinitwaghmare/ai-study-assistant,SLEEPING,False,2025-11-09T08:15:55.000Z,294.65561342592594
vinitwaghmare/bilingual-ai-study-assistant,SLEEPING,False,2025-11-02T18:14:28.000Z,301.2399537037037
vipin1143/eva-teaching-assistant,SLEEPING,False,2026-05-12T05:10:54.000Z,110.78409722222223
viraja1/AI-Quiz-Generator,RUNTIME_ERROR,False,2025-06-07T10:10:41.000Z,449.57591435185185
vishalraaj1/AI-STUDY_ASSISTANT,RUNTIME_ERROR,False,2026-03-12T08:50:43.000Z,171.63144675925926
VishnuSai05/Study_Assistant,PAUSED,False,2026-07-16T18:04:27.000Z,45.24690972222222
vivicake666/math-tutor-chatbot,SLEEPING,False,2026-06-09T20:53:16.000Z,82.12967592592592
VSrilekha/AI-Tutor,SLEEPING,False,2026-07-03T06:05:21.000Z,58.74628472222222
wajahatkhan/AI_tutor,SLEEPING,False,2025-02-13T16:56:10.000Z,563.2943287037037
wangzy217/Teaching_Assistant,RUNTIME_ERROR,False,2024-05-07T07:52:10.000Z,845.6721064814815
wimida/socratic-tutor-bot,RUNTIME_ERROR,False,2025-04-04T09:41:59.000Z,513.5958449074074
windsoldier/ai-teaching-assistant,SLEEPING,False,2026-06-07T13:10:54.000Z,84.45076388888889
wupeiwen2001/reachy-mini-language-tutor,RUNNING,False,2026-02-16T18:14:03.000Z,195.24024305555557
yadavnirmal002/CBSE10-AI-Tutor,SLEEPING,False,2025-02-13T17:58:29.000Z,563.2510532407407
Yasir-Bhatti/Education_tutor_chatbot,SLEEPING,False,2025-12-24T16:57:49.000Z,249.29318287037037
YasirAnsari/AI_tutor,SLEEPING,False,2026-02-27T10:50:32.000Z,184.54824074074074
Yasirkhalil12/ai-quiz-generator,SLEEPING,False,2026-02-17T07:43:39.000Z,194.67802083333333
Yenuli-Bimanya-404/ai-study-assistant-multilang,SLEEPING,False,2025-06-29T19:11:00.000Z,427.2006944444444
yiyiyi999/ai-tutor-classroom,SLEEPING,False,2026-06-06T07:45:50.000Z,85.67650462962963
YKDep/StudyAssistant,RUNTIME_ERROR,False,2025-12-04T10:58:11.000Z,269.54292824074076
Younis123/Education_Assistant_chatbot,BUILD_ERROR,False,2025-02-20T10:05:47.000Z,556.5793171296297
yuvabe-ai/AI-Tutor,SLEEPING,False,2024-11-10T08:53:11.000Z,658.6297337962963
Yuvasriiii/personalized_study_assistant,RUNTIME_ERROR,False,2025-09-22T12:28:50.000Z,342.47997685185186
zaini1234/pdf-quiz-generator,RUNTIME_ERROR,False,2025-06-29T14:35:00.000Z,427.3923611111111
zara65724/AI-Vocabulary-Tutor,SLEEPING,False,2026-05-21T04:47:54.000Z,101.80006944444445
zizo66/AI-Language-Tutor,RUNTIME_ERROR,False,2025-02-27T09:24:38.000Z,549.6078935185185
