left_space_id,right_space_id,jaccard_similarity,intersection_shingles,union_shingles
ABRB0917/StudyAssistant,akshay0149/TeachingAssistant,0.9111111111111111,164,180
ABRB0917/StudyAssistant,Anil3920/StudyAssistant,1.0,172,172
ABRB0917/StudyAssistant,Anilkumar12/StudyAssistant,0.9710982658959537,168,173
ABRB0917/StudyAssistant,Apoorvahu/my-study-assistant,0.9111111111111111,164,180
ABRB0917/StudyAssistant,cipher2150/Study-Assistant,1.0,172,172
ABRB0917/StudyAssistant,DakshSadotra/my-study-assistant,0.8913043478260869,164,184
ABRB0917/StudyAssistant,dinu143/Study-Assistant,1.0,172,172
ABRB0917/StudyAssistant,gopichand55k/StudyAssistant,1.0,172,172
ABRB0917/StudyAssistant,harika-donthula/my-study-assistant,0.9111111111111111,164,180
ABRB0917/StudyAssistant,jakeeeeeeee/my-study-assistant,0.9111111111111111,164,180
ABRB0917/StudyAssistant,kundan857/StudyAssistant,1.0,172,172
ABRB0917/StudyAssistant,Megana10/ai_study_assistant,0.9111111111111111,164,180
ABRB0917/StudyAssistant,Nitinane/StudyAssistant,0.8695652173913043,160,184
ABRB0917/StudyAssistant,Premsp2005/StudyAssistant,0.851063829787234,160,188
ABRB0917/StudyAssistant,rexiy/study_assistant,1.0,172,172
ABRB0917/StudyAssistant,SaiRithwik2004/StudyAssistant,0.8695652173913043,160,184
ABRB0917/StudyAssistant,sangareddijaswanth/study_assistant,0.9662921348314607,172,178
ABRB0917/StudyAssistant,saru21/study_assistant,1.0,172,172
ABRB0917/StudyAssistant,sreenivasulaReddy/StudyAssistant,0.9714285714285714,170,175
ABRB0917/StudyAssistant,Srushtii-13/Study_Assistant,1.0,172,172
ABRB0917/StudyAssistant,Trinesh16/StudyAssistant,1.0,172,172
ABRB0917/StudyAssistant,VarunGoud314/Study_assistant,0.9325842696629213,166,178
Achyutar/Engross-Educational-AI,alusinebarrie/ai-teaching-assistant,1.0,205,205
Achyutar/Engross-Educational-AI,appcreator199/studyassistant,1.0,205,205
Achyutar/Engross-Educational-AI,forWard666/AL_TEACHING_ASSISTANT,1.0,205,205
Achyutar/Engross-Educational-AI,harshu07/ai_tutor,1.0,205,205
Achyutar/Engross-Educational-AI,hasithmutha/quiz-generator-ai,1.0,205,205
Achyutar/Engross-Educational-AI,montue/Teaching_Assistant,1.0,205,205
Achyutar/Engross-Educational-AI,samekbotfactorycz/aitutor,0.8533333333333334,192,225
Achyutar/Engross-Educational-AI,uc-msai631-2025-spring/group2_study_assistant,1.0,205,205
Achyutar/Engross-Educational-AI,wangzy217/Teaching_Assistant,1.0,205,205
Agents-MCP-Hackathon/AI-Quiz-Generator,viraja1/AI-Quiz-Generator,1.0,356,356
akshay0149/TeachingAssistant,Anil3920/StudyAssistant,0.9111111111111111,164,180
akshay0149/TeachingAssistant,Anilkumar12/StudyAssistant,0.8839779005524862,160,181
akshay0149/TeachingAssistant,Apoorvahu/my-study-assistant,1.0,172,172
akshay0149/TeachingAssistant,cipher2150/Study-Assistant,0.9111111111111111,164,180
akshay0149/TeachingAssistant,DakshSadotra/my-study-assistant,0.9226519337016574,167,181
akshay0149/TeachingAssistant,dinu143/Study-Assistant,0.9111111111111111,164,180
akshay0149/TeachingAssistant,gopichand55k/StudyAssistant,0.9111111111111111,164,180
akshay0149/TeachingAssistant,harika-donthula/my-study-assistant,1.0,172,172
akshay0149/TeachingAssistant,jakeeeeeeee/my-study-assistant,1.0,172,172
akshay0149/TeachingAssistant,kundan857/StudyAssistant,0.9111111111111111,164,180
akshay0149/TeachingAssistant,Megana10/ai_study_assistant,1.0,172,172
akshay0149/TeachingAssistant,Nitinane/StudyAssistant,0.9005524861878453,163,181
akshay0149/TeachingAssistant,Premsp2005/StudyAssistant,0.9333333333333333,168,180
akshay0149/TeachingAssistant,rexiy/study_assistant,0.9111111111111111,164,180
akshay0149/TeachingAssistant,SaiRithwik2004/StudyAssistant,0.8797814207650273,161,183
akshay0149/TeachingAssistant,sangareddijaswanth/study_assistant,0.8817204301075269,164,186
akshay0149/TeachingAssistant,saru21/study_assistant,0.9111111111111111,164,180
akshay0149/TeachingAssistant,sreenivasulaReddy/StudyAssistant,0.9060773480662984,164,181
akshay0149/TeachingAssistant,Srushtii-13/Study_Assistant,0.9111111111111111,164,180
akshay0149/TeachingAssistant,Trinesh16/StudyAssistant,0.9111111111111111,164,180
akshay0149/TeachingAssistant,VarunGoud314/Study_assistant,0.8695652173913043,160,184
alusinebarrie/ai-teaching-assistant,appcreator199/studyassistant,1.0,205,205
alusinebarrie/ai-teaching-assistant,forWard666/AL_TEACHING_ASSISTANT,1.0,205,205
alusinebarrie/ai-teaching-assistant,harshu07/ai_tutor,1.0,205,205
alusinebarrie/ai-teaching-assistant,hasithmutha/quiz-generator-ai,1.0,205,205
alusinebarrie/ai-teaching-assistant,montue/Teaching_Assistant,1.0,205,205
alusinebarrie/ai-teaching-assistant,samekbotfactorycz/aitutor,0.8533333333333334,192,225
alusinebarrie/ai-teaching-assistant,uc-msai631-2025-spring/group2_study_assistant,1.0,205,205
alusinebarrie/ai-teaching-assistant,wangzy217/Teaching_Assistant,1.0,205,205
aman7935/Quiz_generator,educationAI/education-ai-study-assistant,1.0,245,245
aman7935/Quiz_generator,ekerin/german-tutor-chatbot,1.0,245,245
aman7935/Quiz_generator,Mehak0711/AI_TUTOR,0.944,236,250
aman7935/Quiz_generator,naveensngc/AI-Tutor,0.944,236,250
aman7935/Quiz_generator,ramashandoubeh/Education-chatbot,1.0,245,245
aman7935/Quiz_generator,roshandakhore2003/nuron-teaching-assistant,0.944,236,250
aman7935/Quiz_generator,Saravana-Saro14/Educational-chatbot,1.0,245,245
aman7935/Quiz_generator,Sree1216/AI_tutor,0.944,236,250
aman7935/Quiz_generator,tejuu23/ai-tutor,0.944,236,250
Anil3920/StudyAssistant,Anilkumar12/StudyAssistant,0.9710982658959537,168,173
Anil3920/StudyAssistant,Apoorvahu/my-study-assistant,0.9111111111111111,164,180
Anil3920/StudyAssistant,cipher2150/Study-Assistant,1.0,172,172
Anil3920/StudyAssistant,DakshSadotra/my-study-assistant,0.8913043478260869,164,184
Anil3920/StudyAssistant,dinu143/Study-Assistant,1.0,172,172
Anil3920/StudyAssistant,gopichand55k/StudyAssistant,1.0,172,172
Anil3920/StudyAssistant,harika-donthula/my-study-assistant,0.9111111111111111,164,180
Anil3920/StudyAssistant,jakeeeeeeee/my-study-assistant,0.9111111111111111,164,180
Anil3920/StudyAssistant,kundan857/StudyAssistant,1.0,172,172
Anil3920/StudyAssistant,Megana10/ai_study_assistant,0.9111111111111111,164,180
Anil3920/StudyAssistant,Nitinane/StudyAssistant,0.8695652173913043,160,184
Anil3920/StudyAssistant,Premsp2005/StudyAssistant,0.851063829787234,160,188
Anil3920/StudyAssistant,rexiy/study_assistant,1.0,172,172
Anil3920/StudyAssistant,SaiRithwik2004/StudyAssistant,0.8695652173913043,160,184
Anil3920/StudyAssistant,sangareddijaswanth/study_assistant,0.9662921348314607,172,178
Anil3920/StudyAssistant,saru21/study_assistant,1.0,172,172
Anil3920/StudyAssistant,sreenivasulaReddy/StudyAssistant,0.9714285714285714,170,175
Anil3920/StudyAssistant,Srushtii-13/Study_Assistant,1.0,172,172
Anil3920/StudyAssistant,Trinesh16/StudyAssistant,1.0,172,172
Anil3920/StudyAssistant,VarunGoud314/Study_assistant,0.9325842696629213,166,178
Anilkumar12/StudyAssistant,Apoorvahu/my-study-assistant,0.8839779005524862,160,181
Anilkumar12/StudyAssistant,cipher2150/Study-Assistant,0.9710982658959537,168,173
Anilkumar12/StudyAssistant,DakshSadotra/my-study-assistant,0.8648648648648649,160,185
Anilkumar12/StudyAssistant,dinu143/Study-Assistant,0.9710982658959537,168,173
Anilkumar12/StudyAssistant,gopichand55k/StudyAssistant,0.9710982658959537,168,173
Anilkumar12/StudyAssistant,harika-donthula/my-study-assistant,0.8839779005524862,160,181
Anilkumar12/StudyAssistant,jakeeeeeeee/my-study-assistant,0.8839779005524862,160,181
Anilkumar12/StudyAssistant,kundan857/StudyAssistant,0.9710982658959537,168,173
Anilkumar12/StudyAssistant,Megana10/ai_study_assistant,0.8839779005524862,160,181
Anilkumar12/StudyAssistant,Premsp2005/StudyAssistant,0.8648648648648649,160,185
Anilkumar12/StudyAssistant,rexiy/study_assistant,0.9710982658959537,168,173
Anilkumar12/StudyAssistant,sangareddijaswanth/study_assistant,0.9385474860335196,168,179
Anilkumar12/StudyAssistant,saru21/study_assistant,0.9710982658959537,168,173
Anilkumar12/StudyAssistant,sreenivasulaReddy/StudyAssistant,0.9431818181818182,166,176
Anilkumar12/StudyAssistant,Srushtii-13/Study_Assistant,0.9710982658959537,168,173
Anilkumar12/StudyAssistant,Trinesh16/StudyAssistant,0.9710982658959537,168,173
Anilkumar12/StudyAssistant,VarunGoud314/Study_assistant,0.9050279329608939,162,179
Anupam251272/Education-Chatbot-Anupam,pratikshahp/Education-Chatbot-Guardrail,1.0,545,545
Apoorvahu/my-study-assistant,cipher2150/Study-Assistant,0.9111111111111111,164,180
Apoorvahu/my-study-assistant,DakshSadotra/my-study-assistant,0.9226519337016574,167,181
Apoorvahu/my-study-assistant,dinu143/Study-Assistant,0.9111111111111111,164,180
Apoorvahu/my-study-assistant,gopichand55k/StudyAssistant,0.9111111111111111,164,180
Apoorvahu/my-study-assistant,harika-donthula/my-study-assistant,1.0,172,172
Apoorvahu/my-study-assistant,jakeeeeeeee/my-study-assistant,1.0,172,172
Apoorvahu/my-study-assistant,kundan857/StudyAssistant,0.9111111111111111,164,180
Apoorvahu/my-study-assistant,Megana10/ai_study_assistant,1.0,172,172
Apoorvahu/my-study-assistant,Nitinane/StudyAssistant,0.9005524861878453,163,181
Apoorvahu/my-study-assistant,Premsp2005/StudyAssistant,0.9333333333333333,168,180
Apoorvahu/my-study-assistant,rexiy/study_assistant,0.9111111111111111,164,180
Apoorvahu/my-study-assistant,SaiRithwik2004/StudyAssistant,0.8797814207650273,161,183
Apoorvahu/my-study-assistant,sangareddijaswanth/study_assistant,0.8817204301075269,164,186
Apoorvahu/my-study-assistant,saru21/study_assistant,0.9111111111111111,164,180
Apoorvahu/my-study-assistant,sreenivasulaReddy/StudyAssistant,0.9060773480662984,164,181
Apoorvahu/my-study-assistant,Srushtii-13/Study_Assistant,0.9111111111111111,164,180
Apoorvahu/my-study-assistant,Trinesh16/StudyAssistant,0.9111111111111111,164,180
Apoorvahu/my-study-assistant,VarunGoud314/Study_assistant,0.8695652173913043,160,184
appcreator199/studyassistant,forWard666/AL_TEACHING_ASSISTANT,1.0,205,205
appcreator199/studyassistant,harshu07/ai_tutor,1.0,205,205
appcreator199/studyassistant,hasithmutha/quiz-generator-ai,1.0,205,205
appcreator199/studyassistant,montue/Teaching_Assistant,1.0,205,205
appcreator199/studyassistant,samekbotfactorycz/aitutor,0.8533333333333334,192,225
appcreator199/studyassistant,uc-msai631-2025-spring/group2_study_assistant,1.0,205,205
appcreator199/studyassistant,wangzy217/Teaching_Assistant,1.0,205,205
Armour-12/Quiz_Generator,mohammednouman/CB-Quiz-Generator,1.0,534,534
BadaPoojitha/StudyAssistant,SaiRithwik2004/StudyAssistant,0.851063829787234,160,188
Bhargavi-31/Ai_tutor,Charan-27-10/AI_TUTOR,0.8895705521472392,145,163
Bhargavi-31/Ai_tutor,Karishma-19/AI-Tutor,1.0,152,152
Bhargavi-31/Ai_tutor,mashetti-17varshitha/AI_tutor,1.0,152,152
Bhargavi-31/Ai_tutor,NIKHITHA913/aitutor,0.8895705521472392,145,163
Bhargavi-31/Ai_tutor,nruhh/Ai_tutor,0.8895705521472392,145,163
Bhargavi-31/Ai_tutor,poojithathalla/AI_TUTOR,0.8895705521472392,145,163
Bhargavi-31/Ai_tutor,sanakousar/AI_TUTOR,0.8895705521472392,145,163
Boyston/reachy_mini_language_tutor,mattdotvaughn/reachy_mini_language_tutor,1.0,8169,8169
chandanareddy1234/AITutor,mounikathatikonda/AI_TUTOR,0.9337349397590361,155,166
chandanareddy1234/AITutor,santhoshi-123/AITUTOR,1.0,164,164
chandanareddy1234/AITutor,Sirichandanasamala/AI_TUTOR,1.0,164,164
chandanareddy1234/AITutor,Sri921980/Ai_Tutor,0.9337349397590361,155,166
chandanareddy1234/AITutor,sudeepthitellapally/AITutor,1.0,164,164
chandrakireeti/StudyAssistant,pranaymachi/StudyAssistant,0.9337016574585635,169,181
chandrakireeti/StudyAssistant,Rajeev0102/StudyAssistant,1.0,175,175
Charan-27-10/AI_TUTOR,Harika06/AI_TUTOR,0.9141104294478528,149,163
Charan-27-10/AI_TUTOR,Karishma-19/AI-Tutor,0.8895705521472392,145,163
Charan-27-10/AI_TUTOR,mashetti-17varshitha/AI_tutor,0.8895705521472392,145,163
Charan-27-10/AI_TUTOR,mounikathatikonda/AI_TUTOR,0.874251497005988,146,167
Charan-27-10/AI_TUTOR,NIKHITHA913/aitutor,1.0,156,156
Charan-27-10/AI_TUTOR,nruhh/Ai_tutor,1.0,156,156
Charan-27-10/AI_TUTOR,poojithathalla/AI_TUTOR,1.0,156,156
Charan-27-10/AI_TUTOR,provokingdiaries/AI_TUTOR,0.9141104294478528,149,163
Charan-27-10/AI_TUTOR,samakanishkareddy/AI_TUTOR,0.9141104294478528,149,163
Charan-27-10/AI_TUTOR,SambaReshma/AI_TUTOR,0.9141104294478528,149,163
Charan-27-10/AI_TUTOR,sanakousar/AI_TUTOR,1.0,156,156
Charan-27-10/AI_TUTOR,sandariyogitha/AI_TUTOR,0.9141104294478528,149,163
Charan-27-10/AI_TUTOR,Sri921980/Ai_Tutor,0.874251497005988,146,167
cipher2150/Study-Assistant,DakshSadotra/my-study-assistant,0.8913043478260869,164,184
cipher2150/Study-Assistant,dinu143/Study-Assistant,1.0,172,172
cipher2150/Study-Assistant,gopichand55k/StudyAssistant,1.0,172,172
cipher2150/Study-Assistant,harika-donthula/my-study-assistant,0.9111111111111111,164,180
cipher2150/Study-Assistant,jakeeeeeeee/my-study-assistant,0.9111111111111111,164,180
cipher2150/Study-Assistant,kundan857/StudyAssistant,1.0,172,172
cipher2150/Study-Assistant,Megana10/ai_study_assistant,0.9111111111111111,164,180
cipher2150/Study-Assistant,Nitinane/StudyAssistant,0.8695652173913043,160,184
cipher2150/Study-Assistant,Premsp2005/StudyAssistant,0.851063829787234,160,188
cipher2150/Study-Assistant,rexiy/study_assistant,1.0,172,172
cipher2150/Study-Assistant,SaiRithwik2004/StudyAssistant,0.8695652173913043,160,184
cipher2150/Study-Assistant,sangareddijaswanth/study_assistant,0.9662921348314607,172,178
cipher2150/Study-Assistant,saru21/study_assistant,1.0,172,172
cipher2150/Study-Assistant,sreenivasulaReddy/StudyAssistant,0.9714285714285714,170,175
cipher2150/Study-Assistant,Srushtii-13/Study_Assistant,1.0,172,172
cipher2150/Study-Assistant,Trinesh16/StudyAssistant,1.0,172,172
cipher2150/Study-Assistant,VarunGoud314/Study_assistant,0.9325842696629213,166,178
CodeDiva42/study-assistant,RayaRam11/Study-assistant,1.0,1257,1257
DakshSadotra/my-study-assistant,dinu143/Study-Assistant,0.8913043478260869,164,184
DakshSadotra/my-study-assistant,gopichand55k/StudyAssistant,0.8913043478260869,164,184
DakshSadotra/my-study-assistant,harika-donthula/my-study-assistant,0.9226519337016574,167,181
DakshSadotra/my-study-assistant,jakeeeeeeee/my-study-assistant,0.9226519337016574,167,181
DakshSadotra/my-study-assistant,kundan857/StudyAssistant,0.8913043478260869,164,184
DakshSadotra/my-study-assistant,Megana10/ai_study_assistant,0.9226519337016574,167,181
DakshSadotra/my-study-assistant,mithilesh22/StudyAssistant,0.8526315789473684,162,190
DakshSadotra/my-study-assistant,Nitinane/StudyAssistant,0.9772727272727273,172,176
DakshSadotra/my-study-assistant,Premsp2005/StudyAssistant,0.8624338624338624,163,189
DakshSadotra/my-study-assistant,rexiy/study_assistant,0.8913043478260869,164,184
DakshSadotra/my-study-assistant,Rushi420/StudyAssistant,0.8956043956043956,163,182
DakshSadotra/my-study-assistant,SaiRithwik2004/StudyAssistant,0.8913043478260869,164,184
DakshSadotra/my-study-assistant,Samyakj69/Study_Assistant,0.8783068783068783,166,189
DakshSadotra/my-study-assistant,sangareddijaswanth/study_assistant,0.8631578947368421,164,190
DakshSadotra/my-study-assistant,saru21/study_assistant,0.8913043478260869,164,184
DakshSadotra/my-study-assistant,sreenivasulaReddy/StudyAssistant,0.8864864864864865,164,185
DakshSadotra/my-study-assistant,Srushtii-13/Study_Assistant,0.8913043478260869,164,184
DakshSadotra/my-study-assistant,Trinesh16/StudyAssistant,0.8913043478260869,164,184
DakshSadotra/my-study-assistant,VarunGoud314/Study_assistant,0.851063829787234,160,188
david280010195/Teaching_Assistant_AI,Rishabh12j/Teaching_Assistant_AI,0.9878419452887538,1300,1316
dinu143/Study-Assistant,gopichand55k/StudyAssistant,1.0,172,172
dinu143/Study-Assistant,harika-donthula/my-study-assistant,0.9111111111111111,164,180
dinu143/Study-Assistant,jakeeeeeeee/my-study-assistant,0.9111111111111111,164,180
dinu143/Study-Assistant,kundan857/StudyAssistant,1.0,172,172
dinu143/Study-Assistant,Megana10/ai_study_assistant,0.9111111111111111,164,180
dinu143/Study-Assistant,Nitinane/StudyAssistant,0.8695652173913043,160,184
dinu143/Study-Assistant,Premsp2005/StudyAssistant,0.851063829787234,160,188
dinu143/Study-Assistant,rexiy/study_assistant,1.0,172,172
dinu143/Study-Assistant,SaiRithwik2004/StudyAssistant,0.8695652173913043,160,184
dinu143/Study-Assistant,sangareddijaswanth/study_assistant,0.9662921348314607,172,178
dinu143/Study-Assistant,saru21/study_assistant,1.0,172,172
dinu143/Study-Assistant,sreenivasulaReddy/StudyAssistant,0.9714285714285714,170,175
dinu143/Study-Assistant,Srushtii-13/Study_Assistant,1.0,172,172
dinu143/Study-Assistant,Trinesh16/StudyAssistant,1.0,172,172
dinu143/Study-Assistant,VarunGoud314/Study_assistant,0.9325842696629213,166,178
educationAI/education-ai-study-assistant,ekerin/german-tutor-chatbot,1.0,245,245
educationAI/education-ai-study-assistant,Mehak0711/AI_TUTOR,0.944,236,250
educationAI/education-ai-study-assistant,naveensngc/AI-Tutor,0.944,236,250
educationAI/education-ai-study-assistant,ramashandoubeh/Education-chatbot,1.0,245,245
educationAI/education-ai-study-assistant,roshandakhore2003/nuron-teaching-assistant,0.944,236,250
educationAI/education-ai-study-assistant,Saravana-Saro14/Educational-chatbot,1.0,245,245
educationAI/education-ai-study-assistant,Sree1216/AI_tutor,0.944,236,250
educationAI/education-ai-study-assistant,tejuu23/ai-tutor,0.944,236,250
ekerin/german-tutor-chatbot,Mehak0711/AI_TUTOR,0.944,236,250
ekerin/german-tutor-chatbot,naveensngc/AI-Tutor,0.944,236,250
ekerin/german-tutor-chatbot,ramashandoubeh/Education-chatbot,1.0,245,245
ekerin/german-tutor-chatbot,roshandakhore2003/nuron-teaching-assistant,0.944,236,250
ekerin/german-tutor-chatbot,Saravana-Saro14/Educational-chatbot,1.0,245,245
ekerin/german-tutor-chatbot,Sree1216/AI_tutor,0.944,236,250
ekerin/german-tutor-chatbot,tejuu23/ai-tutor,0.944,236,250
emanramadan/Tutor_Chatbot,emanramadan/Tutor_Chatbot_,0.928921568627451,379,408
emashahzad/StudyAssistant,nishayaseen001/StudyAssistant,1.0,949,949
eoinmcg/ai_tutor,marty331/AI_Tutor,0.9764309764309764,580,594
Felrose/trisem-lesson-plan-generator,Felrose/trisem-lesson-plan-generator-ENGLISH-LINK2,1.0,1331,1331
forWard666/AL_TEACHING_ASSISTANT,harshu07/ai_tutor,1.0,205,205
forWard666/AL_TEACHING_ASSISTANT,hasithmutha/quiz-generator-ai,1.0,205,205
forWard666/AL_TEACHING_ASSISTANT,montue/Teaching_Assistant,1.0,205,205
forWard666/AL_TEACHING_ASSISTANT,samekbotfactorycz/aitutor,0.8533333333333334,192,225
forWard666/AL_TEACHING_ASSISTANT,uc-msai631-2025-spring/group2_study_assistant,1.0,205,205
forWard666/AL_TEACHING_ASSISTANT,wangzy217/Teaching_Assistant,1.0,205,205
gopichand55k/StudyAssistant,harika-donthula/my-study-assistant,0.9111111111111111,164,180
gopichand55k/StudyAssistant,jakeeeeeeee/my-study-assistant,0.9111111111111111,164,180
gopichand55k/StudyAssistant,kundan857/StudyAssistant,1.0,172,172
gopichand55k/StudyAssistant,Megana10/ai_study_assistant,0.9111111111111111,164,180
gopichand55k/StudyAssistant,Nitinane/StudyAssistant,0.8695652173913043,160,184
gopichand55k/StudyAssistant,Premsp2005/StudyAssistant,0.851063829787234,160,188
gopichand55k/StudyAssistant,rexiy/study_assistant,1.0,172,172
gopichand55k/StudyAssistant,SaiRithwik2004/StudyAssistant,0.8695652173913043,160,184
gopichand55k/StudyAssistant,sangareddijaswanth/study_assistant,0.9662921348314607,172,178
gopichand55k/StudyAssistant,saru21/study_assistant,1.0,172,172
gopichand55k/StudyAssistant,sreenivasulaReddy/StudyAssistant,0.9714285714285714,170,175
gopichand55k/StudyAssistant,Srushtii-13/Study_Assistant,1.0,172,172
gopichand55k/StudyAssistant,Trinesh16/StudyAssistant,1.0,172,172
gopichand55k/StudyAssistant,VarunGoud314/Study_assistant,0.9325842696629213,166,178
guddolla/ai.tutor,guddolla/AI_TUTOR,1.0,485,485
guddolla/ai.tutor,Jangasathwika/ai.tutor,1.0,485,485
guddolla/ai.tutor,phanisrigandla/AI_Tutor,1.0,485,485
guddolla/AI_TUTOR,Jangasathwika/ai.tutor,1.0,485,485
guddolla/AI_TUTOR,phanisrigandla/AI_Tutor,1.0,485,485
harika-donthula/my-study-assistant,jakeeeeeeee/my-study-assistant,1.0,172,172
harika-donthula/my-study-assistant,kundan857/StudyAssistant,0.9111111111111111,164,180
harika-donthula/my-study-assistant,Megana10/ai_study_assistant,1.0,172,172
harika-donthula/my-study-assistant,Nitinane/StudyAssistant,0.9005524861878453,163,181
harika-donthula/my-study-assistant,Premsp2005/StudyAssistant,0.9333333333333333,168,180
harika-donthula/my-study-assistant,rexiy/study_assistant,0.9111111111111111,164,180
harika-donthula/my-study-assistant,SaiRithwik2004/StudyAssistant,0.8797814207650273,161,183
harika-donthula/my-study-assistant,sangareddijaswanth/study_assistant,0.8817204301075269,164,186
harika-donthula/my-study-assistant,saru21/study_assistant,0.9111111111111111,164,180
harika-donthula/my-study-assistant,sreenivasulaReddy/StudyAssistant,0.9060773480662984,164,181
harika-donthula/my-study-assistant,Srushtii-13/Study_Assistant,0.9111111111111111,164,180
harika-donthula/my-study-assistant,Trinesh16/StudyAssistant,0.9111111111111111,164,180
harika-donthula/my-study-assistant,VarunGoud314/Study_assistant,0.8695652173913043,160,184
Harika06/AI_TUTOR,NIKHITHA913/aitutor,0.9141104294478528,149,163
Harika06/AI_TUTOR,nruhh/Ai_tutor,0.9141104294478528,149,163
Harika06/AI_TUTOR,poojithathalla/AI_TUTOR,0.9141104294478528,149,163
Harika06/AI_TUTOR,provokingdiaries/AI_TUTOR,1.0,156,156
Harika06/AI_TUTOR,samakanishkareddy/AI_TUTOR,1.0,156,156
Harika06/AI_TUTOR,SambaReshma/AI_TUTOR,1.0,156,156
Harika06/AI_TUTOR,sanakousar/AI_TUTOR,0.9141104294478528,149,163
Harika06/AI_TUTOR,sandariyogitha/AI_TUTOR,1.0,156,156
harsha17v/StudyAssistant,lekhankolla/StudyAssistant,0.9325153374233128,304,326
harsha17v/StudyAssistant,SaiAbhiYaswanth/study_assistant,0.9325153374233128,304,326
harsha17v/StudyAssistant,theSriram/StudyAssistant,0.8918918918918919,297,333
harshu07/ai_tutor,hasithmutha/quiz-generator-ai,1.0,205,205
harshu07/ai_tutor,montue/Teaching_Assistant,1.0,205,205
harshu07/ai_tutor,samekbotfactorycz/aitutor,0.8533333333333334,192,225
harshu07/ai_tutor,uc-msai631-2025-spring/group2_study_assistant,1.0,205,205
harshu07/ai_tutor,wangzy217/Teaching_Assistant,1.0,205,205
hasithmutha/quiz-generator-ai,montue/Teaching_Assistant,1.0,205,205
hasithmutha/quiz-generator-ai,samekbotfactorycz/aitutor,0.8533333333333334,192,225
hasithmutha/quiz-generator-ai,uc-msai631-2025-spring/group2_study_assistant,1.0,205,205
hasithmutha/quiz-generator-ai,wangzy217/Teaching_Assistant,1.0,205,205
HumeraAI/lesson-plan-generator,Junaidblr/lesson-plan-generator,1.0,319,319
jakeeeeeeee/my-study-assistant,kundan857/StudyAssistant,0.9111111111111111,164,180
jakeeeeeeee/my-study-assistant,Megana10/ai_study_assistant,1.0,172,172
jakeeeeeeee/my-study-assistant,Nitinane/StudyAssistant,0.9005524861878453,163,181
jakeeeeeeee/my-study-assistant,Premsp2005/StudyAssistant,0.9333333333333333,168,180
jakeeeeeeee/my-study-assistant,rexiy/study_assistant,0.9111111111111111,164,180
jakeeeeeeee/my-study-assistant,SaiRithwik2004/StudyAssistant,0.8797814207650273,161,183
jakeeeeeeee/my-study-assistant,sangareddijaswanth/study_assistant,0.8817204301075269,164,186
jakeeeeeeee/my-study-assistant,saru21/study_assistant,0.9111111111111111,164,180
jakeeeeeeee/my-study-assistant,sreenivasulaReddy/StudyAssistant,0.9060773480662984,164,181
jakeeeeeeee/my-study-assistant,Srushtii-13/Study_Assistant,0.9111111111111111,164,180
jakeeeeeeee/my-study-assistant,Trinesh16/StudyAssistant,0.9111111111111111,164,180
jakeeeeeeee/my-study-assistant,VarunGoud314/Study_assistant,0.8695652173913043,160,184
Jangasathwika/ai.tutor,phanisrigandla/AI_Tutor,1.0,485,485
Karishma-19/AI-Tutor,mashetti-17varshitha/AI_tutor,1.0,152,152
Karishma-19/AI-Tutor,NIKHITHA913/aitutor,0.8895705521472392,145,163
Karishma-19/AI-Tutor,nruhh/Ai_tutor,0.8895705521472392,145,163
Karishma-19/AI-Tutor,poojithathalla/AI_TUTOR,0.8895705521472392,145,163
Karishma-19/AI-Tutor,sanakousar/AI_TUTOR,0.8895705521472392,145,163
kastan/ai-teaching-assistant,kastan/ai-teaching-assistant-beta,0.9867446393762184,2531,2565
kousarshaik/AI_TUTOR,SanaBegum23/AI_tutor,0.8869047619047619,149,168
kundan857/StudyAssistant,Megana10/ai_study_assistant,0.9111111111111111,164,180
kundan857/StudyAssistant,Nitinane/StudyAssistant,0.8695652173913043,160,184
kundan857/StudyAssistant,Premsp2005/StudyAssistant,0.851063829787234,160,188
kundan857/StudyAssistant,rexiy/study_assistant,1.0,172,172
kundan857/StudyAssistant,SaiRithwik2004/StudyAssistant,0.8695652173913043,160,184
kundan857/StudyAssistant,sangareddijaswanth/study_assistant,0.9662921348314607,172,178
kundan857/StudyAssistant,saru21/study_assistant,1.0,172,172
kundan857/StudyAssistant,sreenivasulaReddy/StudyAssistant,0.9714285714285714,170,175
kundan857/StudyAssistant,Srushtii-13/Study_Assistant,1.0,172,172
kundan857/StudyAssistant,Trinesh16/StudyAssistant,1.0,172,172
kundan857/StudyAssistant,VarunGoud314/Study_assistant,0.9325842696629213,166,178
lekhankolla/StudyAssistant,SaiAbhiYaswanth/study_assistant,1.0,315,315
lekhankolla/StudyAssistant,theSriram/StudyAssistant,0.9565217391304348,308,322
lynnnnrz/ai-teaching-assistant,roxqtang/ai-teaching-assistant,1.0,6078,6078
mashetti-17varshitha/AI_tutor,NIKHITHA913/aitutor,0.8895705521472392,145,163
mashetti-17varshitha/AI_tutor,nruhh/Ai_tutor,0.8895705521472392,145,163
mashetti-17varshitha/AI_tutor,poojithathalla/AI_TUTOR,0.8895705521472392,145,163
mashetti-17varshitha/AI_tutor,sanakousar/AI_TUTOR,0.8895705521472392,145,163
Megana10/ai_study_assistant,Nitinane/StudyAssistant,0.9005524861878453,163,181
Megana10/ai_study_assistant,Premsp2005/StudyAssistant,0.9333333333333333,168,180
Megana10/ai_study_assistant,rexiy/study_assistant,0.9111111111111111,164,180
Megana10/ai_study_assistant,SaiRithwik2004/StudyAssistant,0.8797814207650273,161,183
Megana10/ai_study_assistant,sangareddijaswanth/study_assistant,0.8817204301075269,164,186
Megana10/ai_study_assistant,saru21/study_assistant,0.9111111111111111,164,180
Megana10/ai_study_assistant,sreenivasulaReddy/StudyAssistant,0.9060773480662984,164,181
Megana10/ai_study_assistant,Srushtii-13/Study_Assistant,0.9111111111111111,164,180
Megana10/ai_study_assistant,Trinesh16/StudyAssistant,0.9111111111111111,164,180
Megana10/ai_study_assistant,VarunGoud314/Study_assistant,0.8695652173913043,160,184
Mehak0711/AI_TUTOR,naveensngc/AI-Tutor,1.0,241,241
Mehak0711/AI_TUTOR,ramashandoubeh/Education-chatbot,0.944,236,250
Mehak0711/AI_TUTOR,roshandakhore2003/nuron-teaching-assistant,1.0,241,241
Mehak0711/AI_TUTOR,Saravana-Saro14/Educational-chatbot,0.944,236,250
Mehak0711/AI_TUTOR,Sree1216/AI_tutor,1.0,241,241
Mehak0711/AI_TUTOR,tejuu23/ai-tutor,1.0,241,241
mithilesh22/StudyAssistant,Nitinane/StudyAssistant,0.8709677419354839,162,186
mogbuehi/YT_Language_Tutor,mogbuehi/YT_Language_Tutor_2,1.0,1254,1254
montue/Teaching_Assistant,samekbotfactorycz/aitutor,0.8533333333333334,192,225
montue/Teaching_Assistant,uc-msai631-2025-spring/group2_study_assistant,1.0,205,205
montue/Teaching_Assistant,wangzy217/Teaching_Assistant,1.0,205,205
mounikathatikonda/AI_TUTOR,NIKHITHA913/aitutor,0.874251497005988,146,167
mounikathatikonda/AI_TUTOR,nruhh/Ai_tutor,0.874251497005988,146,167
mounikathatikonda/AI_TUTOR,poojithathalla/AI_TUTOR,0.874251497005988,146,167
mounikathatikonda/AI_TUTOR,sanakousar/AI_TUTOR,0.874251497005988,146,167
mounikathatikonda/AI_TUTOR,santhoshi-123/AITUTOR,0.9337349397590361,155,166
mounikathatikonda/AI_TUTOR,Sirichandanasamala/AI_TUTOR,0.9337349397590361,155,166
mounikathatikonda/AI_TUTOR,Sri921980/Ai_Tutor,1.0,157,157
mounikathatikonda/AI_TUTOR,sudeepthitellapally/AITutor,0.9337349397590361,155,166
nandini1810/AI_TUTOR,SrihithaReddy123/AI_TUTOR,1.0,166,166
nandini1810/AI_TUTOR,Varshareddy1106/AI_TUTOR,1.0,166,166
naveensngc/AI-Tutor,ramashandoubeh/Education-chatbot,0.944,236,250
naveensngc/AI-Tutor,roshandakhore2003/nuron-teaching-assistant,1.0,241,241
naveensngc/AI-Tutor,Saravana-Saro14/Educational-chatbot,0.944,236,250
naveensngc/AI-Tutor,Sree1216/AI_tutor,1.0,241,241
naveensngc/AI-Tutor,tejuu23/ai-tutor,1.0,241,241
NavenTheRaven/Quiz_Generator,rgos20000/Quiz_Generator,1.0,322,322
NavenTheRaven/Quiz_Generator,s1313/Quiz_Generator,1.0,322,322
NIKHITHA913/aitutor,nruhh/Ai_tutor,1.0,156,156
NIKHITHA913/aitutor,poojithathalla/AI_TUTOR,1.0,156,156
NIKHITHA913/aitutor,provokingdiaries/AI_TUTOR,0.9141104294478528,149,163
NIKHITHA913/aitutor,samakanishkareddy/AI_TUTOR,0.9141104294478528,149,163
NIKHITHA913/aitutor,SambaReshma/AI_TUTOR,0.9141104294478528,149,163
NIKHITHA913/aitutor,sanakousar/AI_TUTOR,1.0,156,156
NIKHITHA913/aitutor,sandariyogitha/AI_TUTOR,0.9141104294478528,149,163
NIKHITHA913/aitutor,Sri921980/Ai_Tutor,0.874251497005988,146,167
Nitinane/StudyAssistant,rexiy/study_assistant,0.8695652173913043,160,184
Nitinane/StudyAssistant,Rushi420/StudyAssistant,0.9157303370786517,163,178
Nitinane/StudyAssistant,SaiRithwik2004/StudyAssistant,0.9111111111111111,164,180
Nitinane/StudyAssistant,Samyakj69/Study_Assistant,0.8972972972972973,166,185
Nitinane/StudyAssistant,saru21/study_assistant,0.8695652173913043,160,184
Nitinane/StudyAssistant,sreenivasulaReddy/StudyAssistant,0.8648648648648649,160,185
Nitinane/StudyAssistant,Srushtii-13/Study_Assistant,0.8695652173913043,160,184
Nitinane/StudyAssistant,Trinesh16/StudyAssistant,0.8695652173913043,160,184
Nitinane/StudyAssistant,VarunGoud314/Study_assistant,0.8695652173913043,160,184
nruhh/Ai_tutor,poojithathalla/AI_TUTOR,1.0,156,156
nruhh/Ai_tutor,provokingdiaries/AI_TUTOR,0.9141104294478528,149,163
nruhh/Ai_tutor,samakanishkareddy/AI_TUTOR,0.9141104294478528,149,163
nruhh/Ai_tutor,SambaReshma/AI_TUTOR,0.9141104294478528,149,163
nruhh/Ai_tutor,sanakousar/AI_TUTOR,1.0,156,156
nruhh/Ai_tutor,sandariyogitha/AI_TUTOR,0.9141104294478528,149,163
nruhh/Ai_tutor,Sri921980/Ai_Tutor,0.874251497005988,146,167
poojithathalla/AI_TUTOR,provokingdiaries/AI_TUTOR,0.9141104294478528,149,163
poojithathalla/AI_TUTOR,samakanishkareddy/AI_TUTOR,0.9141104294478528,149,163
poojithathalla/AI_TUTOR,SambaReshma/AI_TUTOR,0.9141104294478528,149,163
poojithathalla/AI_TUTOR,sanakousar/AI_TUTOR,1.0,156,156
poojithathalla/AI_TUTOR,sandariyogitha/AI_TUTOR,0.9141104294478528,149,163
poojithathalla/AI_TUTOR,Sri921980/Ai_Tutor,0.874251497005988,146,167
pranaymachi/StudyAssistant,Rajeev0102/StudyAssistant,0.9337016574585635,169,181
Premsp2005/StudyAssistant,rexiy/study_assistant,0.851063829787234,160,188
Premsp2005/StudyAssistant,saru21/study_assistant,0.851063829787234,160,188
Premsp2005/StudyAssistant,Srushtii-13/Study_Assistant,0.851063829787234,160,188
Premsp2005/StudyAssistant,Trinesh16/StudyAssistant,0.851063829787234,160,188
provokingdiaries/AI_TUTOR,samakanishkareddy/AI_TUTOR,1.0,156,156
provokingdiaries/AI_TUTOR,SambaReshma/AI_TUTOR,1.0,156,156
provokingdiaries/AI_TUTOR,sanakousar/AI_TUTOR,0.9141104294478528,149,163
provokingdiaries/AI_TUTOR,sandariyogitha/AI_TUTOR,1.0,156,156
ramashandoubeh/Education-chatbot,roshandakhore2003/nuron-teaching-assistant,0.944,236,250
ramashandoubeh/Education-chatbot,Saravana-Saro14/Educational-chatbot,1.0,245,245
ramashandoubeh/Education-chatbot,Sree1216/AI_tutor,0.944,236,250
ramashandoubeh/Education-chatbot,tejuu23/ai-tutor,0.944,236,250
rexiy/study_assistant,SaiRithwik2004/StudyAssistant,0.8695652173913043,160,184
rexiy/study_assistant,sangareddijaswanth/study_assistant,0.9662921348314607,172,178
rexiy/study_assistant,saru21/study_assistant,1.0,172,172
rexiy/study_assistant,sreenivasulaReddy/StudyAssistant,0.9714285714285714,170,175
rexiy/study_assistant,Srushtii-13/Study_Assistant,1.0,172,172
rexiy/study_assistant,Trinesh16/StudyAssistant,1.0,172,172
rexiy/study_assistant,VarunGoud314/Study_assistant,0.9325842696629213,166,178
rgos20000/Quiz_Generator,s1313/Quiz_Generator,1.0,322,322
ridgebradley888/Smart-AI-Tutor-APP,shukdevdatta123/Smart-AI-Tutor-APP,1.0,1246,1246
roshandakhore2003/nuron-teaching-assistant,Saravana-Saro14/Educational-chatbot,0.944,236,250
roshandakhore2003/nuron-teaching-assistant,Sree1216/AI_tutor,1.0,241,241
roshandakhore2003/nuron-teaching-assistant,tejuu23/ai-tutor,1.0,241,241
SaiAbhiYaswanth/study_assistant,theSriram/StudyAssistant,0.9565217391304348,308,322
SaiRithwik2004/StudyAssistant,Samyakj69/Study_Assistant,0.8770053475935828,164,187
SaiRithwik2004/StudyAssistant,saru21/study_assistant,0.8695652173913043,160,184
SaiRithwik2004/StudyAssistant,sreenivasulaReddy/StudyAssistant,0.8648648648648649,160,185
SaiRithwik2004/StudyAssistant,Srushtii-13/Study_Assistant,0.8695652173913043,160,184
SaiRithwik2004/StudyAssistant,Trinesh16/StudyAssistant,0.8695652173913043,160,184
SaiRithwik2004/StudyAssistant,VarunGoud314/Study_assistant,0.8901098901098901,162,182
samakanishkareddy/AI_TUTOR,SambaReshma/AI_TUTOR,1.0,156,156
samakanishkareddy/AI_TUTOR,sanakousar/AI_TUTOR,0.9141104294478528,149,163
samakanishkareddy/AI_TUTOR,sandariyogitha/AI_TUTOR,1.0,156,156
SambaReshma/AI_TUTOR,sanakousar/AI_TUTOR,0.9141104294478528,149,163
SambaReshma/AI_TUTOR,sandariyogitha/AI_TUTOR,1.0,156,156
samekbotfactorycz/aitutor,uc-msai631-2025-spring/group2_study_assistant,0.8533333333333334,192,225
samekbotfactorycz/aitutor,wangzy217/Teaching_Assistant,0.8533333333333334,192,225
sanakousar/AI_TUTOR,sandariyogitha/AI_TUTOR,0.9141104294478528,149,163
sanakousar/AI_TUTOR,Sri921980/Ai_Tutor,0.874251497005988,146,167
sangareddijaswanth/study_assistant,saru21/study_assistant,0.9662921348314607,172,178
sangareddijaswanth/study_assistant,sreenivasulaReddy/StudyAssistant,0.9392265193370166,170,181
sangareddijaswanth/study_assistant,Srushtii-13/Study_Assistant,0.9662921348314607,172,178
sangareddijaswanth/study_assistant,Trinesh16/StudyAssistant,0.9662921348314607,172,178
sangareddijaswanth/study_assistant,VarunGoud314/Study_assistant,0.9021739130434783,166,184
santhoshi-123/AITUTOR,Sirichandanasamala/AI_TUTOR,1.0,164,164
santhoshi-123/AITUTOR,Sri921980/Ai_Tutor,0.9337349397590361,155,166
santhoshi-123/AITUTOR,sudeepthitellapally/AITutor,1.0,164,164
Saravana-Saro14/Educational-chatbot,Sree1216/AI_tutor,0.944,236,250
Saravana-Saro14/Educational-chatbot,tejuu23/ai-tutor,0.944,236,250
saru21/study_assistant,sreenivasulaReddy/StudyAssistant,0.9714285714285714,170,175
saru21/study_assistant,Srushtii-13/Study_Assistant,1.0,172,172
saru21/study_assistant,Trinesh16/StudyAssistant,1.0,172,172
saru21/study_assistant,VarunGoud314/Study_assistant,0.9325842696629213,166,178
Sirichandanasamala/AI_TUTOR,Sri921980/Ai_Tutor,0.9337349397590361,155,166
Sirichandanasamala/AI_TUTOR,sudeepthitellapally/AITutor,1.0,164,164
Sree1216/AI_tutor,tejuu23/ai-tutor,1.0,241,241
sreenivasulaReddy/StudyAssistant,Srushtii-13/Study_Assistant,0.9714285714285714,170,175
sreenivasulaReddy/StudyAssistant,Trinesh16/StudyAssistant,0.9714285714285714,170,175
sreenivasulaReddy/StudyAssistant,VarunGoud314/Study_assistant,0.9273743016759777,166,179
Sri921980/Ai_Tutor,sudeepthitellapally/AITutor,0.9337349397590361,155,166
SrihithaReddy123/AI_TUTOR,Varshareddy1106/AI_TUTOR,1.0,166,166
Srushtii-13/Study_Assistant,Trinesh16/StudyAssistant,1.0,172,172
Srushtii-13/Study_Assistant,VarunGoud314/Study_assistant,0.9325842696629213,166,178
Trinesh16/StudyAssistant,VarunGoud314/Study_assistant,0.9325842696629213,166,178
uc-msai631-2025-spring/group2_study_assistant,wangzy217/Teaching_Assistant,1.0,205,205
